{"type":"FeatureCollection","fonte":"ANA/SNIRH, serviço \"Rios principais\" (SNIRH2016/Rios_principais, camada Curso d'Água), https://portal1.snirh.gov.br/arcgis/rest/services/SNIRH2016/Cursos_Agua_dominialidade/FeatureServer","features":[{"type":"Feature","properties":{"nome":"Rio Apiaí-Guaçu","classe":"afluente","nome_ana":"Rio Apiaí-Guaçu","dominio":"Estadual","area_montante_km2":2214.83},"geometry":{"type":"LineString","coordinates":[[-48.5938,-23.7026],[-48.5946,-23.7024],[-48.599,-23.7012],[-48.5988,-23.6999],[-48.5987,-23.6992],[-48.5983,-23.6969]]}},{"type":"Feature","properties":{"nome":"Rio Apiaí-Guaçu","classe":"afluente","nome_ana":"Rio Apiaí-Guaçu","dominio":"Estadual","area_montante_km2":509.006},"geometry":{"type":"LineString","coordinates":[[-48.7054,-24.2867],[-48.7053,-24.2864],[-48.7052,-24.2861],[-48.7021,-24.278],[-48.7053,-24.2744],[-48.7042,-24.2698],[-48.7012,-24.2606],[-48.7006,-24.2574],[-48.7001,-24.246],[-48.6997,-24.2424],[-48.7054,-24.2386],[-48.6999,-24.2303],[-48.7007,-24.2228],[-48.7018,-24.2205],[-48.708,-24.2156],[-48.7044,-24.2085],[-48.7064,-24.2046],[-48.714,-24.1987],[-48.7144,-24.1925],[-48.7138,-24.1902],[-48.7123,-24.1877],[-48.7058,-24.1843],[-48.7042,-24.1797],[-48.7072,-24.1776],[-48.7129,-24.1765],[-48.7141,-24.1763],[-48.7147,-24.1761]]}},{"type":"Feature","properties":{"nome":"Rio Apiaí-Guaçu","classe":"afluente","nome_ana":"Rio Apiaí-Guaçu","dominio":"Estadual","area_montante_km2":775.037},"geometry":{"type":"LineString","coordinates":[[-48.7254,-24.1399],[-48.7254,-24.1395],[-48.7259,-24.1343],[-48.729,-24.1277],[-48.728,-24.1216],[-48.7227,-24.1203],[-48.7252,-24.1138],[-48.7263,-24.1112],[-48.7274,-24.1048],[-48.7319,-24.1],[-48.7381,-24.0858],[-48.7389,-24.0789],[-48.738,-24.0767],[-48.7329,-24.0722],[-48.7312,-24.0684],[-48.7295,-24.0664],[-48.7238,-24.0623],[-48.7217,-24.0573],[-48.7139,-24.0529],[-48.7126,-24.0501],[-48.7091,-24.0459],[-48.7101,-24.0405],[-48.7114,-24.0372],[-48.7167,-24.0341],[-48.7182,-24.0301],[-48.7242,-24.0248],[-48.726,-24.0201],[-48.7347,-24.0182],[-48.7372,-24.0168],[-48.7363,-24.0148],[-48.7338,-24.0129],[-48.7254,-24.0108],[-48.7234,-24.0089],[-48.7232,-24.0057],[-48.7236,-24.0021],[-48.7221,-23.9975],[-48.7201,-23.9945],[-48.7168,-23.9942],[-48.7116,-23.9921],[-48.7115,-23.992],[-48.7106,-23.9916],[-48.7101,-23.9914]]}},{"type":"Feature","properties":{"nome":"Rio Apiaí-Guaçu","classe":"afluente","nome_ana":"Rio Apiaí-Guaçu","dominio":"Estadual","area_montante_km2":2336.81},"geometry":{"type":"LineString","coordinates":[[-48.6143,-23.6178],[-48.6143,-23.6177],[-48.6127,-23.6156],[-48.6154,-23.6131],[-48.616,-23.6109],[-48.6178,-23.6024],[-48.6214,-23.6047],[-48.624,-23.6027],[-48.6243,-23.596],[-48.6244,-23.5956],[-48.6244,-23.5947]]}},{"type":"Feature","properties":{"nome":"Rio Apiaí-Guaçu","classe":"afluente","nome_ana":"Rio Apiaí-Guaçu","dominio":"Estadual","area_montante_km2":1956.26},"geometry":{"type":"LineString","coordinates":[[-48.5686,-23.835],[-48.5683,-23.8345],[-48.5674,-23.8327],[-48.5684,-23.8293],[-48.5661,-23.8273],[-48.5682,-23.8238],[-48.5721,-23.8207],[-48.5698,-23.8193],[-48.5634,-23.8195],[-48.5598,-23.8179],[-48.5539,-23.8205],[-48.5543,-23.8158],[-48.5544,-23.8154]]}},{"type":"Feature","properties":{"nome":"Rio Apiaí-Guaçu","classe":"afluente","nome_ana":"Rio Apiaí-Guaçu","dominio":"Estadual","area_montante_km2":327.631},"geometry":{"type":"LineString","coordinates":[[-48.7253,-24.3264],[-48.7237,-24.3237],[-48.7171,-24.317],[-48.716,-24.3097],[-48.7111,-24.3023],[-48.7103,-24.2937],[-48.7072,-24.2905],[-48.7058,-24.2875],[-48.7054,-24.2867]]}},{"type":"Feature","properties":{"nome":"Rio Apiaí-Guaçu","classe":"afluente","nome_ana":"Rio Apiaí-Guaçu","dominio":"Estadual","area_montante_km2":85.5312},"geometry":{"type":"LineString","coordinates":[[-48.7619,-24.4488],[-48.7616,-24.4484],[-48.7605,-24.4466],[-48.7535,-24.4434],[-48.7517,-24.4412],[-48.7503,-24.4376],[-48.7501,-24.4162],[-48.7477,-24.4117],[-48.7442,-24.4097],[-48.7402,-24.405],[-48.7397,-24.3994],[-48.7367,-24.3944],[-48.7368,-24.3893],[-48.7411,-24.3849],[-48.7415,-24.3845]]}},{"type":"Feature","properties":{"nome":"Rio Apiaí-Guaçu","classe":"afluente","nome_ana":"Rio Apiaí-Guaçu","dominio":"Estadual","area_montante_km2":275.084},"geometry":{"type":"LineString","coordinates":[[-48.7406,-24.3767],[-48.7387,-24.3727],[-48.7369,-24.3656],[-48.7351,-24.3596],[-48.7353,-24.3517],[-48.73,-24.3471],[-48.7291,-24.3436],[-48.7292,-24.3402],[-48.7305,-24.3368],[-48.7306,-24.3339],[-48.7281,-24.331],[-48.7259,-24.3274],[-48.7257,-24.3269],[-48.7253,-24.3264]]}},{"type":"Feature","properties":{"nome":"Rio Apiaí-Guaçu","classe":"afluente","nome_ana":"Rio Apiaí-Guaçu","dominio":"Estadual","area_montante_km2":1130.53},"geometry":{"type":"LineString","coordinates":[[-48.5894,-23.8514],[-48.5871,-23.8481],[-48.5869,-23.8454],[-48.5882,-23.8426],[-48.5914,-23.8391],[-48.5895,-23.8369],[-48.5833,-23.8338],[-48.5788,-23.8339],[-48.5767,-23.8311],[-48.5733,-23.8316],[-48.5719,-23.8343],[-48.5688,-23.835],[-48.5686,-23.835],[-48.5686,-23.835]]}},{"type":"Feature","properties":{"nome":"Rio Apiaí-Guaçu","classe":"afluente","nome_ana":"Rio Apiaí-Guaçu","dominio":"Estadual","area_montante_km2":963.82},"geometry":{"type":"LineString","coordinates":[[-48.6966,-23.9295],[-48.6906,-23.9313],[-48.6884,-23.9289],[-48.689,-23.9251],[-48.6877,-23.9232],[-48.6835,-23.9236],[-48.6797,-23.9249],[-48.6746,-23.9229],[-48.666,-23.9285],[-48.6608,-23.9255],[-48.6575,-23.9261],[-48.6558,-23.9233],[-48.6602,-23.9205],[-48.6636,-23.9175],[-48.6668,-23.9122],[-48.6678,-23.9087],[-48.668,-23.9078]]}},{"type":"Feature","properties":{"nome":"Rio Apiaí-Guaçu","classe":"afluente","nome_ana":"Rio Apiaí-Guaçu","dominio":"Estadual","area_montante_km2":884.039},"geometry":{"type":"LineString","coordinates":[[-48.7101,-23.9914],[-48.7091,-23.984],[-48.705,-23.9808],[-48.7033,-23.9779],[-48.7052,-23.9736],[-48.7087,-23.9694],[-48.7097,-23.9665],[-48.7086,-23.9589],[-48.708,-23.9548],[-48.7043,-23.9545],[-48.7015,-23.953],[-48.6995,-23.9482],[-48.6956,-23.9524],[-48.6933,-23.954],[-48.6899,-23.9523],[-48.6909,-23.9494],[-48.6957,-23.9442],[-48.6957,-23.9402],[-48.6946,-23.9364],[-48.6971,-23.9331],[-48.697,-23.9326],[-48.6967,-23.9305],[-48.6967,-23.9302],[-48.6966,-23.9295],[-48.6966,-23.9295]]}},{"type":"Feature","properties":{"nome":"Rio Apiaí-Guaçu","classe":"afluente","nome_ana":"Rio Apiaí-Guaçu","dominio":"Estadual","area_montante_km2":2311.96},"geometry":{"type":"LineString","coordinates":[[-48.5983,-23.6969],[-48.596,-23.6943],[-48.5901,-23.6904],[-48.5877,-23.6867],[-48.5887,-23.6834],[-48.5831,-23.682],[-48.5805,-23.6799],[-48.5818,-23.6751],[-48.5854,-23.6732],[-48.591,-23.6772],[-48.5949,-23.6763],[-48.5966,-23.6698],[-48.5988,-23.6684],[-48.6028,-23.6618],[-48.6099,-23.6655],[-48.614,-23.6633],[-48.614,-23.6572],[-48.6162,-23.6537],[-48.6154,-23.6475],[-48.6145,-23.6429],[-48.6177,-23.6393],[-48.6175,-23.6331],[-48.6198,-23.6288],[-48.6201,-23.6257],[-48.6194,-23.6222],[-48.6145,-23.6179],[-48.6143,-23.6178]]}},{"type":"Feature","properties":{"nome":"Rio Apiaí-Guaçu","classe":"afluente","nome_ana":"Rio Apiaí-Guaçu","dominio":"Estadual","area_montante_km2":1099.57},"geometry":{"type":"LineString","coordinates":[[-48.668,-23.9078],[-48.6677,-23.9075],[-48.665,-23.9056],[-48.6604,-23.9029],[-48.6613,-23.9005],[-48.6639,-23.8977],[-48.6635,-23.8941],[-48.6612,-23.8922],[-48.6574,-23.8917],[-48.6527,-23.892],[-48.6511,-23.8893],[-48.6533,-23.8862],[-48.6513,-23.8847],[-48.6518,-23.8821],[-48.6523,-23.8797],[-48.6488,-23.8767],[-48.6443,-23.8715],[-48.6411,-23.8752],[-48.6411,-23.8788],[-48.6379,-23.8815],[-48.6354,-23.882],[-48.6327,-23.8807],[-48.6308,-23.8753],[-48.6289,-23.8736],[-48.6263,-23.8735],[-48.6219,-23.8741],[-48.621,-23.8702],[-48.6187,-23.8684],[-48.613,-23.8676],[-48.6138,-23.864],[-48.6202,-23.8626],[-48.6214,-23.8599],[-48.6201,-23.8578],[-48.6172,-23.857],[-48.6114,-23.8574],[-48.6049,-23.8494],[-48.5987,-23.8506],[-48.5953,-23.8498],[-48.5929,-23.8515],[-48.591,-23.8515],[-48.5905,-23.8515],[-48.5905,-23.8515],[-48.5894,-23.8514]]}},{"type":"Feature","properties":{"nome":"Rio Apiaí-Guaçu","classe":"afluente","nome_ana":"Rio Apiaí-Guaçu","dominio":"Estadual","area_montante_km2":101},"geometry":{"type":"LineString","coordinates":[[-48.8659,-24.4472],[-48.865,-24.4505],[-48.8628,-24.453],[-48.8506,-24.4559],[-48.8459,-24.459],[-48.8448,-24.4665],[-48.84,-24.4679],[-48.8375,-24.467],[-48.8332,-24.4616],[-48.8294,-24.4586],[-48.8248,-24.4566],[-48.817,-24.455],[-48.8126,-24.4519],[-48.8053,-24.4489],[-48.8044,-24.4467],[-48.8045,-24.4421],[-48.8018,-24.4366],[-48.8017,-24.4335],[-48.7963,-24.4265],[-48.7948,-24.4227],[-48.7903,-24.4174],[-48.7877,-24.4122],[-48.7831,-24.4086],[-48.7745,-24.4073],[-48.7696,-24.4053],[-48.7664,-24.4015],[-48.7624,-24.3953],[-48.7558,-24.3962],[-48.7513,-24.3932],[-48.7475,-24.3873],[-48.742,-24.3847],[-48.7415,-24.3845]]}},{"type":"Feature","properties":{"nome":"Rio Apiaí-Guaçu","classe":"afluente","nome_ana":"Rio Apiaí-Guaçu","dominio":"Estadual","area_montante_km2":593.604},"geometry":{"type":"LineString","coordinates":[[-48.7147,-24.1761],[-48.718,-24.1681],[-48.7214,-24.1646],[-48.7263,-24.1615],[-48.7259,-24.1579],[-48.7266,-24.1526],[-48.7244,-24.1472],[-48.7251,-24.1433],[-48.7252,-24.1424],[-48.7254,-24.14],[-48.7254,-24.1399]]}},{"type":"Feature","properties":{"nome":"Rio Apiaí-Guaçu","classe":"afluente","nome_ana":"Rio Apiaí-Guaçu","dominio":"Estadual","area_montante_km2":2175.96},"geometry":{"type":"LineString","coordinates":[[-48.5862,-23.7384],[-48.5851,-23.7378],[-48.5809,-23.7356],[-48.5787,-23.7301],[-48.58,-23.7242],[-48.5865,-23.7194],[-48.5939,-23.7167],[-48.5965,-23.7135],[-48.5959,-23.7104],[-48.5924,-23.7073],[-48.5926,-23.7064],[-48.5932,-23.7045],[-48.5938,-23.7026]]}},{"type":"Feature","properties":{"nome":"Rio Apiaí-Guaçu","classe":"afluente","nome_ana":"Rio Apiaí-Guaçu","dominio":"Estadual","area_montante_km2":17.4559},"geometry":{"type":"LineString","coordinates":[[-48.809,-24.5061],[-48.8051,-24.5043],[-48.8011,-24.5001],[-48.7977,-24.4943],[-48.7937,-24.4902],[-48.7862,-24.4862],[-48.7836,-24.4821],[-48.7767,-24.4757],[-48.7772,-24.4711],[-48.7757,-24.461],[-48.7743,-24.4582],[-48.7723,-24.4566],[-48.7644,-24.4526],[-48.762,-24.449],[-48.7619,-24.4488]]}},{"type":"Feature","properties":{"nome":"Rio Apiaí-Guaçu","classe":"afluente","nome_ana":"Rio Apiaí-Guaçu","dominio":"Estadual","area_montante_km2":187.024},"geometry":{"type":"LineString","coordinates":[[-48.7415,-24.3845],[-48.7406,-24.377],[-48.7406,-24.3767]]}},{"type":"Feature","properties":{"nome":"Rio Apiaí-Guaçu","classe":"afluente","nome_ana":"Rio Apiaí-Guaçu","dominio":"Estadual","area_montante_km2":2110.23},"geometry":{"type":"LineString","coordinates":[[-48.5544,-23.8154],[-48.5543,-23.8152],[-48.5532,-23.8128],[-48.5505,-23.8119],[-48.5474,-23.8121],[-48.5454,-23.8091],[-48.5559,-23.8073],[-48.5622,-23.8077],[-48.5677,-23.8072],[-48.5699,-23.8061],[-48.5708,-23.7999],[-48.5795,-23.8031],[-48.5864,-23.8007],[-48.5895,-23.8005],[-48.5945,-23.8016],[-48.5994,-23.7998],[-48.598,-23.797],[-48.5915,-23.7946],[-48.5893,-23.7932],[-48.5883,-23.791],[-48.5874,-23.7854],[-48.5833,-23.781],[-48.5768,-23.7766],[-48.574,-23.7731],[-48.5742,-23.7709],[-48.5757,-23.7685],[-48.5841,-23.7689],[-48.5918,-23.7657],[-48.5942,-23.7617],[-48.5892,-23.7559],[-48.5862,-23.7501],[-48.5859,-23.7458],[-48.5879,-23.7411],[-48.5864,-23.7387],[-48.5862,-23.7384],[-48.5862,-23.7384]]}},{"type":"Feature","properties":{"nome":"Rio Apiaí-Guaçu","classe":"afluente","nome_ana":"Rio Apiaí-Guaçu","dominio":"Estadual","area_montante_km2":2844.13},"geometry":{"type":"LineString","coordinates":[[-48.6244,-23.5947],[-48.6237,-23.5945],[-48.6227,-23.5943],[-48.6198,-23.5936],[-48.6185,-23.5914],[-48.6164,-23.5859],[-48.6133,-23.5863],[-48.6114,-23.589],[-48.6112,-23.5914],[-48.6091,-23.5939],[-48.6073,-23.5918],[-48.6089,-23.5863],[-48.6071,-23.5846],[-48.6077,-23.5825],[-48.6079,-23.5818],[-48.6079,-23.5817]]}},{"type":"Feature","properties":{"nome":"Rio das Cinzas","classe":"afluente","nome_ana":"Rio das Cinzas","dominio":"Estadual","area_montante_km2":9512.05},"geometry":{"type":"LineString","coordinates":[[-50.454,-23.0309],[-50.4542,-23.0306],[-50.456,-23.0278],[-50.458,-23.0259],[-50.4661,-23.0249],[-50.47,-23.0208],[-50.4701,-23.0167],[-50.4682,-23.011],[-50.4685,-23.0074],[-50.4707,-23.0048],[-50.4762,-23.0027],[-50.4793,-23.0001]]}},{"type":"Feature","properties":{"nome":"Rio das Cinzas","classe":"afluente","nome_ana":"Rio das Cinzas","dominio":"Estadual","area_montante_km2":3696.72},"geometry":{"type":"LineString","coordinates":[[-50.1753,-23.4355],[-50.1754,-23.4354],[-50.1759,-23.4351],[-50.179,-23.4329],[-50.1813,-23.4289],[-50.1807,-23.4256],[-50.1784,-23.4237],[-50.1736,-23.424],[-50.1661,-23.4264],[-50.1614,-23.4239],[-50.1619,-23.421],[-50.1636,-23.4179],[-50.1664,-23.4153],[-50.1715,-23.4127],[-50.1718,-23.4126]]}},{"type":"Feature","properties":{"nome":"Rio das Cinzas","classe":"afluente","nome_ana":"Rio das Cinzas","dominio":"Estadual","area_montante_km2":3340.2},"geometry":{"type":"LineString","coordinates":[[-50.1087,-23.5049],[-50.1087,-23.5048],[-50.1089,-23.5045],[-50.111,-23.5008],[-50.1132,-23.4995],[-50.1213,-23.4987],[-50.1289,-23.494],[-50.1339,-23.4885],[-50.1379,-23.4877],[-50.1436,-23.4872],[-50.1437,-23.4872],[-50.1442,-23.4871]]}},{"type":"Feature","properties":{"nome":"Rio das Cinzas","classe":"afluente","nome_ana":"Rio das Cinzas","dominio":"Estadual","area_montante_km2":447.569},"geometry":{"type":"LineString","coordinates":[[-49.9608,-24.2233],[-49.9573,-24.2238],[-49.957,-24.2238],[-49.9532,-24.2243],[-49.9484,-24.2224],[-49.9455,-24.2162],[-49.9403,-24.2121],[-49.9386,-24.2096],[-49.938,-24.2087],[-49.938,-24.2086]]}},{"type":"Feature","properties":{"nome":"Rio das Cinzas","classe":"afluente","nome_ana":"Rio das Cinzas","dominio":"Estadual","area_montante_km2":859.811},"geometry":{"type":"LineString","coordinates":[[-49.9548,-24.0833],[-49.9556,-24.0798],[-49.9617,-24.0778],[-49.9651,-24.074],[-49.9705,-24.074],[-49.9707,-24.074],[-49.9717,-24.0726],[-49.9724,-24.0716]]}},{"type":"Feature","properties":{"nome":"Rio das Cinzas","classe":"afluente","nome_ana":"Rio das Cinzas","dominio":"Estadual","area_montante_km2":1732.14},"geometry":{"type":"LineString","coordinates":[[-49.9812,-23.9659],[-49.9755,-23.9627],[-49.9752,-23.9604],[-49.9763,-23.957],[-49.9762,-23.9547],[-49.9717,-23.9509],[-49.972,-23.945],[-49.9674,-23.9425],[-49.9744,-23.9365],[-49.9718,-23.9344],[-49.9728,-23.931],[-49.9822,-23.9246],[-49.9821,-23.9209],[-49.9777,-23.9168],[-49.9766,-23.9145],[-49.9773,-23.9076],[-49.9753,-23.9052],[-49.9716,-23.9036],[-49.9708,-23.901],[-49.9761,-23.8988],[-49.9763,-23.8961],[-49.974,-23.8941],[-49.9649,-23.8916],[-49.9631,-23.8884],[-49.9637,-23.8827],[-49.9694,-23.8712],[-49.9685,-23.8679],[-49.9652,-23.8681],[-49.9626,-23.8701],[-49.959,-23.8711],[-49.9565,-23.8691],[-49.951,-23.8637],[-49.9429,-23.8632],[-49.94,-23.8611],[-49.9411,-23.8585],[-49.9475,-23.8541],[-49.9508,-23.8554],[-49.9539,-23.8587],[-49.9589,-23.8551],[-49.9627,-23.8507],[-49.9656,-23.8448],[-49.9653,-23.8427],[-49.9622,-23.8392],[-49.9542,-23.8367],[-49.9538,-23.834],[-49.9546,-23.8282],[-49.9535,-23.8258],[-49.9516,-23.8242],[-49.9466,-23.8236],[-49.9401,-23.825],[-49.936,-23.8231],[-49.9337,-23.8221],[-49.9335,-23.822],[-49.9329,-23.8217]]}},{"type":"Feature","properties":{"nome":"Rio das Cinzas","classe":"afluente","nome_ana":"Rio das Cinzas","dominio":"Estadual","area_montante_km2":1314.31},"geometry":{"type":"LineString","coordinates":[[-49.987,-23.9916],[-49.987,-23.9916],[-49.9874,-23.9912],[-49.9891,-23.9897],[-49.9888,-23.9875],[-49.9868,-23.9857],[-49.9858,-23.9832],[-49.9866,-23.9808],[-49.9893,-23.9799],[-49.9914,-23.9776],[-49.9915,-23.9747],[-49.9895,-23.9732],[-49.9861,-23.9739],[-49.9837,-23.9727],[-49.9815,-23.9668],[-49.9813,-23.9662],[-49.9812,-23.9661],[-49.9812,-23.9659]]}},{"type":"Feature","properties":{"nome":"Rio das Cinzas","classe":"afluente","nome_ana":"Rio das Cinzas","dominio":"Estadual","area_montante_km2":1155.79},"geometry":{"type":"LineString","coordinates":[[-49.9724,-24.0716],[-49.9723,-24.0712],[-49.9705,-24.0661],[-49.9635,-24.0607],[-49.9663,-24.0576],[-49.971,-24.058],[-49.9724,-24.0557],[-49.9717,-24.0533],[-49.9654,-24.0473],[-49.9669,-24.0449],[-49.9728,-24.0444],[-49.9744,-24.0425],[-49.974,-24.0388],[-49.9685,-24.0255],[-49.9674,-24.0197],[-49.9703,-24.0153],[-49.9714,-24.0127],[-49.9652,-24.0093]]}},{"type":"Feature","properties":{"nome":"Rio das Cinzas","classe":"afluente","nome_ana":"Rio das Cinzas","dominio":"Estadual","area_montante_km2":4257.71},"geometry":{"type":"LineString","coordinates":[[-50.2052,-23.2983],[-50.2052,-23.2983],[-50.2054,-23.2976],[-50.2055,-23.297],[-50.2063,-23.2945],[-50.2064,-23.29],[-50.2051,-23.2881],[-50.1984,-23.2854],[-50.1982,-23.2819],[-50.2006,-23.2769],[-50.2025,-23.2743],[-50.2044,-23.2721],[-50.2052,-23.2711]]}},{"type":"Feature","properties":{"nome":"Rio das Cinzas","classe":"afluente","nome_ana":"Rio das Cinzas","dominio":"Estadual","area_montante_km2":3182.06},"geometry":{"type":"LineString","coordinates":[[-50.0876,-23.537],[-50.0882,-23.5363],[-50.0937,-23.5302],[-50.0954,-23.5249],[-50.0942,-23.5217],[-50.0884,-23.5181],[-50.0867,-23.5149],[-50.0885,-23.5097],[-50.0902,-23.5068],[-50.0931,-23.505],[-50.1018,-23.5091],[-50.1074,-23.5071],[-50.1077,-23.5066],[-50.1078,-23.5064],[-50.1087,-23.5049]]}},{"type":"Feature","properties":{"nome":"Rio das Cinzas","classe":"afluente","nome_ana":"Rio das Cinzas","dominio":"Estadual","area_montante_km2":9627.89},"geometry":{"type":"LineString","coordinates":[[-50.4793,-23.0001],[-50.4793,-22.9997],[-50.4794,-22.9996],[-50.4801,-22.9963],[-50.4875,-22.9875],[-50.4933,-22.9818],[-50.4946,-22.9771],[-50.4978,-22.9734],[-50.5014,-22.9717],[-50.5089,-22.9705],[-50.5112,-22.969],[-50.515,-22.9683],[-50.5248,-22.9676],[-50.5369,-22.9687],[-50.54,-22.9635],[-50.5321,-22.9598],[-50.5279,-22.9556],[-50.5279,-22.9441],[-50.5264,-22.9412],[-50.5227,-22.9404],[-50.5204,-22.9399],[-50.5195,-22.9397]]}},{"type":"Feature","properties":{"nome":"Rio das Cinzas","classe":"afluente","nome_ana":"Rio das Cinzas","dominio":"Estadual","area_montante_km2":1880.28},"geometry":{"type":"LineString","coordinates":[[-49.9329,-23.8217],[-49.9348,-23.8179],[-49.9408,-23.8156],[-49.9425,-23.8135],[-49.9427,-23.8097],[-49.9399,-23.8083],[-49.9343,-23.8082],[-49.9345,-23.8034],[-49.9346,-23.8012],[-49.9346,-23.8009]]}},{"type":"Feature","properties":{"nome":"Rio das Cinzas","classe":"afluente","nome_ana":"Rio das Cinzas","dominio":"Estadual","area_montante_km2":2559.57},"geometry":{"type":"LineString","coordinates":[[-49.992,-23.7412],[-49.9927,-23.7406],[-49.9973,-23.7371],[-49.9962,-23.7332],[-49.9872,-23.7303],[-49.9832,-23.7272],[-49.9815,-23.7233],[-49.9816,-23.7209],[-49.9841,-23.7199],[-49.9854,-23.7166],[-49.9828,-23.713],[-49.9822,-23.7095],[-49.9825,-23.7074],[-49.9846,-23.7047],[-49.9869,-23.7031],[-49.9916,-23.7034],[-49.9952,-23.7062],[-49.998,-23.7095],[-50.0031,-23.7133],[-50.0078,-23.7127],[-50.0125,-23.708],[-50.0196,-23.7053],[-50.0199,-23.7023],[-50.0182,-23.7001],[-50.0157,-23.6991],[-50.0094,-23.7005],[-50.0054,-23.7021],[-50.0023,-23.7007],[-50.0031,-23.6982],[-50.0079,-23.6947],[-50.0161,-23.6919],[-50.0229,-23.6942],[-50.0271,-23.6983],[-50.0301,-23.7022],[-50.0355,-23.7019],[-50.037,-23.6995],[-50.0384,-23.6928],[-50.0439,-23.6879],[-50.0442,-23.6857],[-50.0422,-23.6821],[-50.0346,-23.6789],[-50.0318,-23.6753],[-50.0326,-23.6727],[-50.0362,-23.6712],[-50.0406,-23.6712],[-50.0409,-23.6685],[-50.0391,-23.6654],[-50.0386,-23.6615],[-50.0357,-23.6596],[-50.0299,-23.6605],[-50.0297,-23.6577],[-50.0313,-23.655],[-50.0348,-23.6523],[-50.0423,-23.6496],[-50.0488,-23.6486],[-50.0494,-23.6485]]}},{"type":"Feature","properties":{"nome":"Rio das Cinzas","classe":"afluente","nome_ana":"Rio das Cinzas","dominio":"Estadual","area_montante_km2":3529.74},"geometry":{"type":"LineString","coordinates":[[-50.1169,-23.4598],[-50.1172,-23.4597],[-50.1178,-23.4596],[-50.1222,-23.4585],[-50.1337,-23.4623],[-50.1368,-23.4621],[-50.1431,-23.4596],[-50.1538,-23.465],[-50.1593,-23.4619],[-50.1604,-23.457],[-50.159,-23.4541],[-50.1537,-23.4534],[-50.1504,-23.4472],[-50.1451,-23.4448],[-50.1394,-23.4454],[-50.1352,-23.4429],[-50.1373,-23.4382],[-50.1532,-23.4443],[-50.1583,-23.4433],[-50.1602,-23.4407],[-50.1607,-23.435],[-50.1648,-23.4334],[-50.174,-23.4352],[-50.1748,-23.4354],[-50.1752,-23.4355],[-50.1753,-23.4355]]}},{"type":"Feature","properties":{"nome":"Rio das Cinzas","classe":"afluente","nome_ana":"Rio das Cinzas","dominio":"Estadual","area_montante_km2":598.998},"geometry":{"type":"LineString","coordinates":[[-49.938,-24.2086],[-49.9385,-24.2055],[-49.9396,-24.2032],[-49.9453,-24.2001],[-49.9463,-24.1955],[-49.9501,-24.1897],[-49.9501,-24.1854],[-49.9473,-24.1816],[-49.9417,-24.1817],[-49.9389,-24.1807],[-49.9376,-24.1787],[-49.9398,-24.1776],[-49.9433,-24.1779],[-49.9458,-24.1737],[-49.9481,-24.172],[-49.9487,-24.1667],[-49.9472,-24.1563],[-49.9462,-24.1525],[-49.9461,-24.1523],[-49.9457,-24.1508]]}},{"type":"Feature","properties":{"nome":"Rio das Cinzas","classe":"afluente","nome_ana":"Rio das Cinzas","dominio":"Estadual","area_montante_km2":3828.74},"geometry":{"type":"LineString","coordinates":[[-50.1718,-23.4126],[-50.1721,-23.4121],[-50.1721,-23.412],[-50.1735,-23.4099],[-50.1749,-23.4056],[-50.1753,-23.3999],[-50.1768,-23.3982],[-50.18,-23.3978],[-50.1859,-23.3983],[-50.1885,-23.3951],[-50.1887,-23.3938],[-50.1888,-23.3926],[-50.1888,-23.3926]]}},{"type":"Feature","properties":{"nome":"Rio das Cinzas","classe":"afluente","nome_ana":"Rio das Cinzas","dominio":"Estadual","area_montante_km2":2063.65},"geometry":{"type":"LineString","coordinates":[[-49.9346,-23.8009],[-49.9355,-23.8005],[-49.939,-23.7991],[-49.9451,-23.8031],[-49.9515,-23.8],[-49.9531,-23.7977],[-49.9546,-23.7914],[-49.9544,-23.7845],[-49.9557,-23.7803],[-49.9576,-23.7776],[-49.9616,-23.7644],[-49.9612,-23.7612],[-49.9569,-23.7554],[-49.9569,-23.753],[-49.9569,-23.7523],[-49.9569,-23.7522]]}},{"type":"Feature","properties":{"nome":"Rio das Cinzas","classe":"afluente","nome_ana":"Rio das Cinzas","dominio":"Estadual","area_montante_km2":810.499},"geometry":{"type":"LineString","coordinates":[[-49.9457,-24.1508],[-49.9508,-24.1481],[-49.9549,-24.1456],[-49.9568,-24.143],[-49.9568,-24.1374],[-49.955,-24.1331],[-49.9541,-24.1287],[-49.9544,-24.125],[-49.9573,-24.1233],[-49.9629,-24.1216],[-49.9659,-24.12],[-49.9667,-24.1173],[-49.9676,-24.1087],[-49.9667,-24.1041],[-49.9671,-24.0977],[-49.9665,-24.0931],[-49.9651,-24.0899],[-49.9627,-24.0878],[-49.9588,-24.0862],[-49.9565,-24.0845],[-49.9556,-24.0838],[-49.9548,-24.0833]]}},{"type":"Feature","properties":{"nome":"Rio das Cinzas","classe":"afluente","nome_ana":"Rio das Cinzas","dominio":"Estadual","area_montante_km2":5792.07},"geometry":{"type":"LineString","coordinates":[[-50.242,-23.133],[-50.242,-23.133],[-50.2434,-23.1307],[-50.2463,-23.1261],[-50.246,-23.1238],[-50.2416,-23.1189],[-50.239,-23.1143],[-50.2392,-23.112],[-50.2411,-23.1081],[-50.2405,-23.1028],[-50.2421,-23.0992],[-50.2464,-23.0973],[-50.2508,-23.0982],[-50.2564,-23.0977],[-50.259,-23.0984],[-50.2617,-23.1013],[-50.2616,-23.1046],[-50.2587,-23.1099],[-50.2582,-23.1142],[-50.2605,-23.1167],[-50.2639,-23.117],[-50.2681,-23.1138],[-50.2784,-23.1147],[-50.2834,-23.1139],[-50.2879,-23.1112],[-50.289,-23.109],[-50.289,-23.1067],[-50.2865,-23.1033],[-50.2828,-23.1015],[-50.2778,-23.1016],[-50.2732,-23.1042],[-50.2682,-23.1029],[-50.2673,-23.1006],[-50.2688,-23.0967],[-50.2726,-23.0949],[-50.2801,-23.0939],[-50.2835,-23.0929],[-50.29,-23.0867],[-50.2957,-23.0843],[-50.298,-23.0856],[-50.3032,-23.0917],[-50.3079,-23.0898],[-50.3087,-23.0864],[-50.3066,-23.0772],[-50.3116,-23.074],[-50.3203,-23.0798],[-50.3274,-23.0827],[-50.3311,-23.0827],[-50.3344,-23.081],[-50.3361,-23.079],[-50.3362,-23.0732],[-50.3337,-23.0675],[-50.3289,-23.0606],[-50.3291,-23.0548],[-50.3341,-23.0531],[-50.3421,-23.0616],[-50.3449,-23.0635],[-50.3535,-23.0655],[-50.3559,-23.0668],[-50.3584,-23.07],[-50.3614,-23.072],[-50.3651,-23.0713],[-50.3684,-23.0685],[-50.374,-23.057],[-50.3789,-23.0554],[-50.3851,-23.0573],[-50.3998,-23.0645],[-50.4041,-23.0658],[-50.4049,-23.0661]]}},{"type":"Feature","properties":{"nome":"Rio das Cinzas","classe":"afluente","nome_ana":"Rio das Cinzas","dominio":"Estadual","area_montante_km2":3433.87},"geometry":{"type":"LineString","coordinates":[[-50.1442,-23.4871],[-50.1442,-23.4871],[-50.1456,-23.4853],[-50.1462,-23.4828],[-50.1455,-23.4785],[-50.1444,-23.4765],[-50.1413,-23.4733],[-50.1324,-23.4679],[-50.1218,-23.4649],[-50.1193,-23.4629],[-50.1178,-23.461],[-50.1173,-23.4604],[-50.1169,-23.4598]]}},{"type":"Feature","properties":{"nome":"Rio das Cinzas","classe":"afluente","nome_ana":"Rio das Cinzas","dominio":"Estadual","area_montante_km2":3980.69},"geometry":{"type":"LineString","coordinates":[[-50.1888,-23.3926],[-50.1892,-23.3881],[-50.19,-23.3858],[-50.1897,-23.3835],[-50.1815,-23.3772],[-50.182,-23.3744],[-50.185,-23.3703],[-50.1857,-23.3682],[-50.1851,-23.3647],[-50.1814,-23.3618],[-50.1717,-23.3691],[-50.1663,-23.3675],[-50.1652,-23.3626],[-50.169,-23.36],[-50.1705,-23.3559],[-50.1684,-23.3441],[-50.1681,-23.3403],[-50.1697,-23.3386],[-50.1698,-23.3384],[-50.1706,-23.3375]]}},{"type":"Feature","properties":{"nome":"Rio das Cinzas","classe":"afluente","nome_ana":"Rio das Cinzas","dominio":"Estadual","area_montante_km2":2156.23},"geometry":{"type":"LineString","coordinates":[[-49.9569,-23.7522],[-49.9592,-23.7495],[-49.9616,-23.7438],[-49.9796,-23.742],[-49.984,-23.7395],[-49.9909,-23.7409],[-49.992,-23.7412]]}},{"type":"Feature","properties":{"nome":"Rio das Cinzas","classe":"afluente","nome_ana":"Rio das Cinzas","dominio":"Estadual","area_montante_km2":2893.96},"geometry":{"type":"LineString","coordinates":[[-50.0494,-23.6485],[-50.0495,-23.6484],[-50.0498,-23.6479],[-50.0544,-23.6415],[-50.0563,-23.6363],[-50.0582,-23.6339],[-50.0658,-23.6378],[-50.0702,-23.6364],[-50.0713,-23.6312],[-50.0729,-23.6285],[-50.0755,-23.6281],[-50.0811,-23.6313],[-50.0857,-23.6309],[-50.0857,-23.6273],[-50.0845,-23.6229],[-50.0797,-23.6151],[-50.0738,-23.6096],[-50.0716,-23.6042],[-50.0734,-23.6024],[-50.0801,-23.6036],[-50.0848,-23.6029],[-50.0881,-23.6017],[-50.0892,-23.5985],[-50.0867,-23.594],[-50.0875,-23.5912],[-50.0931,-23.5895],[-50.0941,-23.5873],[-50.0941,-23.5851],[-50.0916,-23.5828],[-50.0857,-23.5791],[-50.0828,-23.5737],[-50.0809,-23.572],[-50.0759,-23.5699],[-50.0755,-23.5668],[-50.0782,-23.5645],[-50.081,-23.5636],[-50.096,-23.5623],[-50.0982,-23.5586],[-50.0983,-23.5564],[-50.094,-23.5541],[-50.0917,-23.552],[-50.0918,-23.5499],[-50.094,-23.545],[-50.0922,-23.5425],[-50.0889,-23.5407],[-50.088,-23.5381],[-50.0876,-23.537]]}},{"type":"Feature","properties":{"nome":"Rio das Cinzas","classe":"afluente","nome_ana":"Rio das Cinzas","dominio":"Estadual","area_montante_km2":4568.46},"geometry":{"type":"LineString","coordinates":[[-50.2052,-23.2711],[-50.2054,-23.2707],[-50.2056,-23.2703],[-50.2069,-23.2678],[-50.2094,-23.2663],[-50.2144,-23.2649],[-50.2166,-23.2624],[-50.2164,-23.2601],[-50.215,-23.2575],[-50.2105,-23.2546],[-50.2082,-23.2512],[-50.2076,-23.2486],[-50.208,-23.2422],[-50.2074,-23.236],[-50.2099,-23.2335],[-50.2161,-23.2338],[-50.2264,-23.2367],[-50.2306,-23.2338],[-50.2314,-23.2262],[-50.2328,-23.2235],[-50.2419,-23.2163],[-50.2443,-23.2126],[-50.2437,-23.2093],[-50.2393,-23.207],[-50.2349,-23.2082],[-50.2306,-23.2111],[-50.2274,-23.2115],[-50.2248,-23.2111],[-50.2211,-23.2066],[-50.2197,-23.2026],[-50.2205,-23.1977],[-50.2225,-23.1962],[-50.2269,-23.1961],[-50.2351,-23.1983],[-50.2386,-23.198],[-50.2433,-23.194],[-50.2434,-23.1907],[-50.2406,-23.1881],[-50.2366,-23.1864],[-50.2319,-23.1861],[-50.2271,-23.1866],[-50.2206,-23.1892],[-50.2179,-23.1896],[-50.2139,-23.1866],[-50.2128,-23.1804],[-50.2132,-23.1758],[-50.2144,-23.1712],[-50.2174,-23.1658],[-50.2209,-23.1633],[-50.2283,-23.1601],[-50.2305,-23.1581],[-50.2302,-23.1547],[-50.2251,-23.1518],[-50.2251,-23.148],[-50.2303,-23.1442],[-50.2319,-23.1393],[-50.238,-23.1363],[-50.242,-23.133]]}},{"type":"Feature","properties":{"nome":"Rio das Cinzas","classe":"afluente","nome_ana":"Rio das Cinzas","dominio":"Estadual","area_montante_km2":1248.56},"geometry":{"type":"LineString","coordinates":[[-49.9652,-24.0093],[-49.9652,-24.0091],[-49.9652,-24.0089],[-49.9654,-24.0063],[-49.9688,-24.0015],[-49.9687,-23.9969],[-49.9684,-23.9947],[-49.9712,-23.9896],[-49.9677,-23.987],[-49.9667,-23.9835],[-49.9711,-23.9822],[-49.9743,-23.9828],[-49.9774,-23.9844],[-49.9842,-23.9895],[-49.9865,-23.9912],[-49.987,-23.9916]]}},{"type":"Feature","properties":{"nome":"Rio das Cinzas","classe":"afluente","nome_ana":"Rio das Cinzas","dominio":"Estadual","area_montante_km2":172.662},"geometry":{"type":"LineString","coordinates":[[-49.9344,-24.4563],[-49.9412,-24.4518],[-49.9512,-24.4431],[-49.9526,-24.4408],[-49.9536,-24.4346],[-49.9598,-24.425],[-49.9632,-24.417],[-49.9648,-24.415],[-49.966,-24.4049],[-49.9734,-24.3859],[-49.9742,-24.3825],[-49.9741,-24.3739],[-49.9679,-24.3597],[-49.9685,-24.3531],[-49.9721,-24.3445],[-49.9726,-24.3416],[-49.9681,-24.3355],[-49.9657,-24.3303],[-49.9645,-24.3234],[-49.9651,-24.3182],[-49.9633,-24.3148],[-49.9627,-24.3114],[-49.9727,-24.2941],[-49.9739,-24.2907],[-49.9746,-24.2803],[-49.9799,-24.2631],[-49.9869,-24.2493],[-49.9868,-24.2481],[-49.9867,-24.2467],[-49.9867,-24.2456]]}},{"type":"Feature","properties":{"nome":"Rio das Cinzas","classe":"afluente","nome_ana":"Rio das Cinzas","dominio":"Estadual","area_montante_km2":4131.49},"geometry":{"type":"LineString","coordinates":[[-50.1706,-23.3375],[-50.1753,-23.3365],[-50.181,-23.3339],[-50.1838,-23.3348],[-50.1877,-23.3331],[-50.1875,-23.3288],[-50.1807,-23.3212],[-50.1806,-23.3171],[-50.1848,-23.3144],[-50.1929,-23.3127],[-50.1956,-23.311],[-50.199,-23.3069],[-50.2042,-23.2996],[-50.2052,-23.2983]]}},{"type":"Feature","properties":{"nome":"Rio das Cinzas","classe":"afluente","nome_ana":"Rio das Cinzas","dominio":"Estadual","area_montante_km2":389.411},"geometry":{"type":"LineString","coordinates":[[-49.9867,-24.2456],[-49.9864,-24.2453],[-49.9826,-24.2415],[-49.9777,-24.2406],[-49.976,-24.238],[-49.9726,-24.2324],[-49.9698,-24.2328],[-49.9676,-24.2315],[-49.9662,-24.2273],[-49.9638,-24.2241],[-49.9612,-24.2234],[-49.9608,-24.2233]]}},{"type":"Feature","properties":{"nome":"Rio das Cinzas","classe":"afluente","nome_ana":"Rio das Cinzas","dominio":"Estadual","area_montante_km2":5905.86},"geometry":{"type":"LineString","coordinates":[[-50.4049,-23.0661],[-50.4054,-23.066],[-50.4119,-23.0649],[-50.4152,-23.0594],[-50.4131,-23.0532],[-50.4134,-23.0502],[-50.4148,-23.0478],[-50.4175,-23.0459],[-50.42,-23.0451],[-50.4312,-23.0452],[-50.434,-23.0435],[-50.4365,-23.0401],[-50.4442,-23.0417],[-50.447,-23.0398],[-50.448,-23.0377],[-50.448,-23.0336],[-50.4507,-23.0312],[-50.4535,-23.031],[-50.4536,-23.0309],[-50.454,-23.0309]]}},{"type":"Feature","properties":{"nome":"Rio Itararé","classe":"afluente","nome_ana":"Rio Itararé","dominio":"Federal","area_montante_km2":1728.91},"geometry":{"type":"LineString","coordinates":[[-49.4896,-23.9768],[-49.4898,-23.9762],[-49.4907,-23.973],[-49.4944,-23.9693],[-49.5006,-23.9676],[-49.5126,-23.9655],[-49.5131,-23.9627],[-49.5112,-23.9599],[-49.5089,-23.9589],[-49.5025,-23.9587],[-49.5006,-23.957],[-49.5016,-23.9535],[-49.5071,-23.9518],[-49.5065,-23.9479],[-49.507,-23.9449],[-49.5097,-23.9439],[-49.514,-23.9456],[-49.5203,-23.9453],[-49.5233,-23.9445],[-49.5285,-23.9389],[-49.5288,-23.9359],[-49.5261,-23.9327],[-49.5221,-23.9328],[-49.5166,-23.9355],[-49.512,-23.9345],[-49.5119,-23.9294],[-49.5153,-23.9251],[-49.5207,-23.9204],[-49.5207,-23.9179],[-49.521,-23.9174],[-49.5225,-23.9153],[-49.5226,-23.9152]]}},{"type":"Feature","properties":{"nome":"Rio Itararé","classe":"afluente","nome_ana":"Rio Itararé","dominio":"Federal","area_montante_km2":402.983},"geometry":{"type":"LineString","coordinates":[[-49.283,-24.3088],[-49.2875,-24.2967],[-49.2927,-24.2908],[-49.2953,-24.2865],[-49.2984,-24.2779],[-49.2987,-24.2692],[-49.2994,-24.2664],[-49.3033,-24.2578],[-49.3089,-24.2492],[-49.3144,-24.2442],[-49.3176,-24.2398],[-49.3241,-24.235],[-49.3289,-24.2294],[-49.3343,-24.2262],[-49.3446,-24.2223],[-49.3492,-24.2197],[-49.3536,-24.2159],[-49.3544,-24.214],[-49.3548,-24.2131],[-49.3551,-24.2126]]}},{"type":"Feature","properties":{"nome":"Rio Itararé","classe":"afluente","nome_ana":"Rio Itararé","dominio":"Federal","area_montante_km2":4883.88},"geometry":{"type":"LineString","coordinates":[[-49.601,-23.6555],[-49.6012,-23.655],[-49.6014,-23.6545],[-49.6072,-23.6429],[-49.6107,-23.6375],[-49.6107,-23.6328],[-49.6107,-23.625],[-49.6135,-23.6207],[-49.6188,-23.6156],[-49.6194,-23.6151],[-49.6199,-23.6146]]}},{"type":"Feature","properties":{"nome":"Rio Itararé","classe":"afluente","nome_ana":"Rio Itararé","dominio":"Federal","area_montante_km2":7759.88},"geometry":{"type":"LineString","coordinates":[[-49.6328,-23.3499],[-49.6328,-23.3485],[-49.6328,-23.3401],[-49.6297,-23.3264],[-49.6281,-23.3108],[-49.6284,-23.3033],[-49.6285,-23.3015],[-49.6285,-23.3014]]}},{"type":"Feature","properties":{"nome":"Rio Itararé","classe":"afluente","nome_ana":"Rio Itararé","dominio":"Federal","area_montante_km2":197.227},"geometry":{"type":"LineString","coordinates":[[-49.2903,-24.3362],[-49.289,-24.333],[-49.2837,-24.3309],[-49.2809,-24.329],[-49.28,-24.326],[-49.2798,-24.3174],[-49.2827,-24.3097],[-49.2827,-24.3095],[-49.283,-24.3088]]}},{"type":"Feature","properties":{"nome":"Rio Itararé","classe":"afluente","nome_ana":"Rio Itararé","dominio":"Federal","area_montante_km2":5065.65},"geometry":{"type":"LineString","coordinates":[[-49.6199,-23.6146],[-49.6199,-23.6146],[-49.6207,-23.604],[-49.6195,-23.5978],[-49.6148,-23.5896],[-49.6105,-23.5849],[-49.6078,-23.5782],[-49.6074,-23.57],[-49.6074,-23.563],[-49.6113,-23.5505],[-49.6148,-23.5387],[-49.6164,-23.5317],[-49.6166,-23.531]]}},{"type":"Feature","properties":{"nome":"Rio Itararé","classe":"afluente","nome_ana":"Rio Itararé","dominio":"Federal","area_montante_km2":802.692},"geometry":{"type":"LineString","coordinates":[[-49.4373,-24.0561],[-49.4379,-24.0561],[-49.4456,-24.0557],[-49.451,-24.0535],[-49.4533,-24.0506],[-49.4534,-24.0504],[-49.4537,-24.05],[-49.4541,-24.0495]]}},{"type":"Feature","properties":{"nome":"Rio Itararé","classe":"afluente","nome_ana":"Rio Itararé","dominio":"Federal","area_montante_km2":682.901},"geometry":{"type":"LineString","coordinates":[[-49.4065,-24.1081],[-49.4062,-24.1074],[-49.406,-24.107],[-49.4041,-24.1029],[-49.4036,-24.1006],[-49.4062,-24.0969],[-49.409,-24.0963],[-49.4153,-24.0957],[-49.4183,-24.091],[-49.4229,-24.0922],[-49.4256,-24.0893],[-49.4292,-24.0872],[-49.4297,-24.0833],[-49.4289,-24.0793],[-49.4336,-24.0744],[-49.433,-24.0735],[-49.4312,-24.0707]]}},{"type":"Feature","properties":{"nome":"Rio Itararé","classe":"afluente","nome_ana":"Rio Itararé","dominio":"Federal","area_montante_km2":481.395},"geometry":{"type":"LineString","coordinates":[[-49.3551,-24.2126],[-49.3487,-24.2095],[-49.3448,-24.2064],[-49.3433,-24.2032],[-49.3439,-24.1946],[-49.3404,-24.1842],[-49.3406,-24.179],[-49.3396,-24.1738],[-49.3385,-24.16],[-49.3324,-24.1516],[-49.3331,-24.1473],[-49.3347,-24.1432],[-49.3355,-24.1415],[-49.3357,-24.141]]}},{"type":"Feature","properties":{"nome":"Rio Itararé","classe":"afluente","nome_ana":"Rio Itararé","dominio":"Federal","area_montante_km2":5359.61},"geometry":{"type":"LineString","coordinates":[[-49.6166,-23.531],[-49.6168,-23.5303],[-49.618,-23.5251],[-49.6199,-23.5133],[-49.6236,-23.4998],[-49.6193,-23.4905],[-49.6127,-23.4826],[-49.605,-23.4729],[-49.6037,-23.4713],[-49.6037,-23.4713]]}},{"type":"Feature","properties":{"nome":"Rio Itararé","classe":"afluente","nome_ana":"Rio Itararé","dominio":"Federal","area_montante_km2":8141.43},"geometry":{"type":"LineString","coordinates":[[-49.6285,-23.3014],[-49.6332,-23.2833]]}},{"type":"Feature","properties":{"nome":"Rio Itararé","classe":"afluente","nome_ana":"Rio Itararé","dominio":"Federal","area_montante_km2":1619.61},"geometry":{"type":"LineString","coordinates":[[-49.4541,-24.0495],[-49.4585,-24.0405],[-49.4628,-24.0265],[-49.4697,-24.0247],[-49.4757,-24.0213],[-49.4808,-24.0239],[-49.484,-24.0227],[-49.4864,-24.0166],[-49.4856,-24.0137],[-49.4799,-24.0043],[-49.4793,-24.0009],[-49.4806,-23.9963],[-49.483,-23.9896],[-49.4857,-23.9886],[-49.4923,-23.9864],[-49.4924,-23.9813],[-49.4906,-23.9784],[-49.4896,-23.9768]]}},{"type":"Feature","properties":{"nome":"Rio Itararé","classe":"afluente","nome_ana":"Rio Itararé","dominio":"Federal","area_montante_km2":8468.74},"geometry":{"type":"LineString","coordinates":[[-49.6332,-23.2833],[-49.6333,-23.2828],[-49.6335,-23.2823],[-49.6365,-23.2703],[-49.649,-23.2492],[-49.6541,-23.2367],[-49.6545,-23.2203],[-49.66,-23.207],[-49.6721,-23.1902],[-49.6989,-23.1696],[-49.7122,-23.1591],[-49.7173,-23.1553]]}},{"type":"Feature","properties":{"nome":"Rio Itararé","classe":"afluente","nome_ana":"Rio Itararé","dominio":"Federal","area_montante_km2":109.517},"geometry":{"type":"LineString","coordinates":[[-49.3843,-24.4555],[-49.3837,-24.4557],[-49.3756,-24.4583],[-49.3718,-24.4588],[-49.3676,-24.4585],[-49.364,-24.4561],[-49.362,-24.4531],[-49.3553,-24.4372],[-49.3387,-24.421],[-49.3384,-24.4183],[-49.3372,-24.4154],[-49.3312,-24.4064],[-49.33,-24.3977],[-49.3265,-24.3919],[-49.3132,-24.3856],[-49.3093,-24.3825],[-49.3075,-24.38],[-49.3057,-24.3735],[-49.3046,-24.362],[-49.3023,-24.3505],[-49.3003,-24.3476],[-49.2971,-24.3452],[-49.2966,-24.3422],[-49.2945,-24.3403],[-49.2914,-24.3388],[-49.2907,-24.337],[-49.2905,-24.3366],[-49.2903,-24.3362]]}},{"type":"Feature","properties":{"nome":"Rio Itararé","classe":"afluente","nome_ana":"Rio Itararé","dominio":"Federal","area_montante_km2":3596.6},"geometry":{"type":"LineString","coordinates":[[-49.5418,-23.9253],[-49.5424,-23.9228],[-49.5443,-23.9211],[-49.5487,-23.92],[-49.5555,-23.9193],[-49.5575,-23.9176],[-49.5588,-23.9126],[-49.5634,-23.9109],[-49.5657,-23.9089],[-49.5682,-23.901],[-49.5698,-23.8992],[-49.5748,-23.8959],[-49.5776,-23.8927],[-49.5788,-23.8893],[-49.5788,-23.8847],[-49.5773,-23.8758],[-49.5796,-23.8729],[-49.5836,-23.8754],[-49.5851,-23.8809],[-49.5917,-23.8824],[-49.5931,-23.8802],[-49.594,-23.8781],[-49.5948,-23.876],[-49.5951,-23.8754]]}},{"type":"Feature","properties":{"nome":"Rio Itararé","classe":"afluente","nome_ana":"Rio Itararé","dominio":"Federal","area_montante_km2":610.607},"geometry":{"type":"LineString","coordinates":[[-49.3357,-24.141],[-49.3388,-24.1381],[-49.3434,-24.1356],[-49.3562,-24.1307],[-49.3587,-24.1284],[-49.3604,-24.1231],[-49.3661,-24.1167],[-49.3848,-24.1153],[-49.4013,-24.1111],[-49.4043,-24.1094],[-49.4053,-24.1088],[-49.406,-24.1084],[-49.4065,-24.1081]]}},{"type":"Feature","properties":{"nome":"Rio Itararé","classe":"afluente","nome_ana":"Rio Itararé","dominio":"Federal","area_montante_km2":4318.58},"geometry":{"type":"LineString","coordinates":[[-49.5951,-23.8754],[-49.5954,-23.8748],[-49.5955,-23.8746],[-49.5971,-23.8706],[-49.5996,-23.8685],[-49.6039,-23.8665],[-49.6053,-23.8646],[-49.605,-23.861],[-49.6026,-23.8553],[-49.6021,-23.8525],[-49.6042,-23.8504],[-49.61,-23.85],[-49.6117,-23.848],[-49.6107,-23.8445],[-49.606,-23.8445],[-49.6046,-23.8425],[-49.6092,-23.837],[-49.6087,-23.8347],[-49.6053,-23.8328],[-49.6014,-23.8335],[-49.5975,-23.8358],[-49.5943,-23.8356],[-49.5915,-23.833],[-49.5916,-23.8257],[-49.5891,-23.8248],[-49.5754,-23.8234],[-49.5716,-23.8223],[-49.5681,-23.8202],[-49.5654,-23.8167],[-49.5633,-23.8109],[-49.5646,-23.8005],[-49.565,-23.7872],[-49.5654,-23.7755],[-49.5697,-23.7599],[-49.5693,-23.752],[-49.5681,-23.7427],[-49.5681,-23.7391],[-49.5607,-23.7356],[-49.5533,-23.7313],[-49.5513,-23.7211],[-49.5591,-23.7079],[-49.5591,-23.6985],[-49.5677,-23.6867],[-49.5755,-23.6738],[-49.592,-23.6602],[-49.5983,-23.6569],[-49.601,-23.6555]]}},{"type":"Feature","properties":{"nome":"Rio Itararé","classe":"afluente","nome_ana":"Rio Itararé","dominio":"Federal","area_montante_km2":7526.19},"geometry":{"type":"LineString","coordinates":[[-49.6037,-23.4713],[-49.6037,-23.4712],[-49.6025,-23.4584],[-49.6006,-23.4494],[-49.5927,-23.44],[-49.5869,-23.433],[-49.588,-23.4216],[-49.6033,-23.4068],[-49.6119,-23.3997],[-49.6117,-23.3796],[-49.6117,-23.3745],[-49.6141,-23.3644],[-49.6187,-23.3577],[-49.6314,-23.3507],[-49.6318,-23.3504],[-49.6328,-23.3499]]}},{"type":"Feature","properties":{"nome":"Rio Itararé","classe":"afluente","nome_ana":"Rio Itararé","dominio":"Federal","area_montante_km2":1809.2},"geometry":{"type":"LineString","coordinates":[[-49.5226,-23.9152],[-49.523,-23.9153],[-49.5237,-23.9157],[-49.5243,-23.916],[-49.5303,-23.9189],[-49.5337,-23.9249],[-49.5363,-23.9269],[-49.5405,-23.9257],[-49.5408,-23.9256],[-49.5418,-23.9253]]}},{"type":"Feature","properties":{"nome":"Rio Itararé","classe":"afluente","nome_ana":"Rio Itararé","dominio":"Federal","area_montante_km2":769.57},"geometry":{"type":"LineString","coordinates":[[-49.4312,-24.0707],[-49.4314,-24.0703],[-49.4323,-24.0686],[-49.4383,-24.067],[-49.4382,-24.0624],[-49.4371,-24.0595],[-49.4373,-24.0564],[-49.4373,-24.0562],[-49.4373,-24.0561]]}},{"type":"Feature","properties":{"nome":"Rio Laranjinha","classe":"afluente","nome_ana":"Rio Laranjinha","dominio":"Estadual","area_montante_km2":3570.13},"geometry":{"type":"LineString","coordinates":[[-50.4658,-23.1608],[-50.4656,-23.16],[-50.4646,-23.157],[-50.4625,-23.154],[-50.4616,-23.1483],[-50.4566,-23.1436],[-50.4519,-23.1487],[-50.4479,-23.1462],[-50.4484,-23.1427],[-50.4515,-23.1394],[-50.4542,-23.1321],[-50.4546,-23.1289],[-50.4536,-23.1215],[-50.457,-23.1184],[-50.4594,-23.1167],[-50.4595,-23.1126],[-50.4578,-23.1101],[-50.4524,-23.1078],[-50.4511,-23.1052],[-50.4518,-23.1009],[-50.4579,-23.0954],[-50.4605,-23.0953],[-50.4639,-23.0965],[-50.4687,-23.1004],[-50.4717,-23.1008],[-50.4745,-23.0995],[-50.4764,-23.0968],[-50.4769,-23.0916],[-50.4739,-23.0899],[-50.4711,-23.0917],[-50.4672,-23.091],[-50.4669,-23.088],[-50.4704,-23.0824],[-50.4691,-23.0798],[-50.4653,-23.0786],[-50.4621,-23.0795],[-50.4561,-23.0784],[-50.4547,-23.0766],[-50.4535,-23.0662],[-50.4499,-23.0534],[-50.45,-23.0495],[-50.4506,-23.0473],[-50.4556,-23.0427],[-50.4567,-23.0377],[-50.4544,-23.0318],[-50.454,-23.0309]]}},{"type":"Feature","properties":{"nome":"Rio Laranjinha","classe":"afluente","nome_ana":"Rio Laranjinha","dominio":"Estadual","area_montante_km2":204.069},"geometry":{"type":"LineString","coordinates":[[-50.1847,-24.2835],[-50.1883,-24.2794],[-50.1897,-24.2765],[-50.1901,-24.2707],[-50.1925,-24.2636],[-50.2017,-24.2515],[-50.2057,-24.2429],[-50.2049,-24.2372],[-50.2021,-24.2314],[-50.1978,-24.2265],[-50.1975,-24.223],[-50.2,-24.2197],[-50.2016,-24.215],[-50.2005,-24.2108],[-50.1968,-24.2034],[-50.1978,-24.1955],[-50.1938,-24.189],[-50.1923,-24.1811],[-50.1879,-24.1801],[-50.1843,-24.1743],[-50.1809,-24.1737],[-50.1722,-24.1735],[-50.1668,-24.171],[-50.1644,-24.1693],[-50.1601,-24.162],[-50.1574,-24.1616],[-50.1516,-24.1603],[-50.1497,-24.151],[-50.1467,-24.1464],[-50.1437,-24.1461],[-50.139,-24.1472],[-50.1312,-24.1475],[-50.1258,-24.1461],[-50.1238,-24.1444],[-50.1223,-24.1414],[-50.1215,-24.136],[-50.1175,-24.1314],[-50.1143,-24.1314],[-50.1134,-24.135],[-50.1099,-24.1376],[-50.1074,-24.1349],[-50.1046,-24.1285],[-50.0975,-24.117],[-50.0996,-24.1127],[-50.0976,-24.107],[-50.0972,-24.0983],[-50.0981,-24.0955],[-50.1002,-24.0932],[-50.1065,-24.0925],[-50.1099,-24.0898],[-50.1112,-24.086],[-50.1106,-24.082],[-50.1094,-24.0788],[-50.1096,-24.076],[-50.111,-24.0716],[-50.114,-24.0673],[-50.117,-24.0654],[-50.1264,-24.0638],[-50.129,-24.0627],[-50.1307,-24.0605],[-50.1329,-24.0558],[-50.1338,-24.0459],[-50.1374,-24.0404],[-50.1448,-24.0408],[-50.1512,-24.0391],[-50.1533,-24.0362],[-50.1547,-24.0296],[-50.1568,-24.028],[-50.1612,-24.0298]]}},{"type":"Feature","properties":{"nome":"Rio Laranjinha","classe":"afluente","nome_ana":"Rio Laranjinha","dominio":"Estadual","area_montante_km2":1153.03},"geometry":{"type":"LineString","coordinates":[[-50.2986,-23.9557],[-50.306,-23.9518],[-50.3211,-23.9475],[-50.3253,-23.9438],[-50.3263,-23.9392],[-50.326,-23.9346],[-50.3243,-23.9295],[-50.3245,-23.9254],[-50.3285,-23.9226],[-50.3268,-23.9189],[-50.324,-23.9189],[-50.3256,-23.9144],[-50.3275,-23.9083],[-50.3313,-23.9124],[-50.3338,-23.9084],[-50.3372,-23.9064],[-50.3397,-23.9082],[-50.343,-23.9134],[-50.3469,-23.9108],[-50.3509,-23.9016],[-50.3478,-23.8947],[-50.3489,-23.8912],[-50.3536,-23.8895],[-50.3583,-23.8908],[-50.3622,-23.8944],[-50.3654,-23.8989],[-50.3689,-23.9009],[-50.3726,-23.9005],[-50.3761,-23.8974],[-50.3791,-23.8916],[-50.3794,-23.8893],[-50.3782,-23.8847],[-50.374,-23.8824],[-50.3713,-23.8838],[-50.3686,-23.8866],[-50.366,-23.8864],[-50.3642,-23.8837],[-50.366,-23.8798],[-50.3637,-23.874],[-50.3652,-23.872],[-50.3717,-23.8694],[-50.3743,-23.8666],[-50.3747,-23.862],[-50.3759,-23.8587],[-50.3791,-23.8572],[-50.3841,-23.856],[-50.3878,-23.8535],[-50.3916,-23.8543],[-50.3947,-23.8541],[-50.3974,-23.852],[-50.3971,-23.848],[-50.3954,-23.8456],[-50.392,-23.8442],[-50.3835,-23.8427],[-50.3827,-23.8404],[-50.384,-23.8378],[-50.3911,-23.8307],[-50.3918,-23.8271],[-50.3893,-23.8234],[-50.3905,-23.8202],[-50.3996,-23.8205],[-50.4024,-23.8172],[-50.4032,-23.8134],[-50.4024,-23.8109],[-50.3973,-23.8029],[-50.3973,-23.8006],[-50.3988,-23.7971],[-50.3987,-23.7932],[-50.397,-23.7906],[-50.3975,-23.7864],[-50.4026,-23.775],[-50.4073,-23.7704],[-50.4112,-23.7644],[-50.4134,-23.7623],[-50.4217,-23.7607],[-50.4291,-23.7537],[-50.4324,-23.7524],[-50.4361,-23.7527],[-50.4408,-23.7511],[-50.4435,-23.7518],[-50.4452,-23.7522],[-50.4477,-23.7528]]}},{"type":"Feature","properties":{"nome":"Rio Laranjinha","classe":"afluente","nome_ana":"Rio Laranjinha","dominio":"Estadual","area_montante_km2":2762.39},"geometry":{"type":"LineString","coordinates":[[-50.4611,-23.4099],[-50.4605,-23.4093],[-50.4581,-23.4067],[-50.4534,-23.4076],[-50.4487,-23.4053],[-50.4492,-23.3988],[-50.447,-23.3942],[-50.4485,-23.3903],[-50.4454,-23.3873],[-50.4441,-23.385],[-50.4449,-23.3816],[-50.4485,-23.3831],[-50.4563,-23.3906],[-50.4594,-23.392],[-50.4639,-23.3906],[-50.4641,-23.3881],[-50.4619,-23.3834],[-50.4552,-23.3795],[-50.4533,-23.3754],[-50.4599,-23.3729],[-50.4638,-23.3693],[-50.475,-23.3731],[-50.4783,-23.3728],[-50.4808,-23.3708],[-50.4811,-23.3669],[-50.4791,-23.3651],[-50.4738,-23.3633],[-50.4679,-23.3642],[-50.4645,-23.3639],[-50.4622,-23.3624],[-50.4617,-23.3601],[-50.4642,-23.3572],[-50.4717,-23.3554],[-50.4742,-23.3528],[-50.4776,-23.3456],[-50.4788,-23.3416],[-50.4783,-23.3387],[-50.4782,-23.3378],[-50.4782,-23.3377]]}},{"type":"Feature","properties":{"nome":"Rio Laranjinha","classe":"afluente","nome_ana":"Rio Laranjinha","dominio":"Estadual","area_montante_km2":441.921},"geometry":{"type":"LineString","coordinates":[[-50.2248,-24.0012],[-50.2286,-23.9936],[-50.2311,-23.9903],[-50.2317,-23.9845],[-50.2354,-23.9786],[-50.2366,-23.9753],[-50.2393,-23.9647],[-50.2435,-23.964],[-50.2511,-23.9714],[-50.2547,-23.9737],[-50.2574,-23.9743],[-50.2605,-23.973],[-50.2623,-23.9674],[-50.261,-23.9647],[-50.2592,-23.9629],[-50.2567,-23.9618],[-50.2576,-23.958],[-50.2615,-23.9576],[-50.2662,-23.9595],[-50.2712,-23.9579],[-50.2724,-23.9536],[-50.2741,-23.9516],[-50.2819,-23.9554],[-50.2869,-23.9567],[-50.298,-23.9558],[-50.2983,-23.9558],[-50.2986,-23.9557]]}},{"type":"Feature","properties":{"nome":"Rio Laranjinha","classe":"afluente","nome_ana":"Rio Laranjinha","dominio":"Estadual","area_montante_km2":2265.02},"geometry":{"type":"LineString","coordinates":[[-50.393,-23.5936],[-50.3934,-23.5933],[-50.4024,-23.5855],[-50.4029,-23.5809],[-50.402,-23.5785],[-50.3986,-23.5703],[-50.3986,-23.567],[-50.396,-23.5648],[-50.3895,-23.5629],[-50.3883,-23.5592],[-50.3926,-23.5573],[-50.3988,-23.5602],[-50.4019,-23.5578],[-50.4039,-23.5505],[-50.4041,-23.5496],[-50.4041,-23.5495]]}},{"type":"Feature","properties":{"nome":"Rio Laranjinha","classe":"afluente","nome_ana":"Rio Laranjinha","dominio":"Estadual","area_montante_km2":3127.11},"geometry":{"type":"LineString","coordinates":[[-50.4713,-23.2535],[-50.4712,-23.2527],[-50.4712,-23.2522],[-50.4712,-23.2521],[-50.4711,-23.2499],[-50.4716,-23.2476],[-50.4751,-23.2413],[-50.476,-23.2355],[-50.4756,-23.2321],[-50.4731,-23.2264],[-50.4728,-23.2258],[-50.4727,-23.2255]]}},{"type":"Feature","properties":{"nome":"Rio Laranjinha","classe":"afluente","nome_ana":"Rio Laranjinha","dominio":"Estadual","area_montante_km2":2524.73},"geometry":{"type":"LineString","coordinates":[[-50.4041,-23.5495],[-50.405,-23.5421],[-50.4008,-23.5361],[-50.4007,-23.5337],[-50.4042,-23.531],[-50.4148,-23.5267],[-50.4149,-23.5211],[-50.4074,-23.5176],[-50.4085,-23.5146],[-50.4137,-23.5103],[-50.4156,-23.5079],[-50.4157,-23.5049],[-50.414,-23.5028],[-50.409,-23.4994],[-50.409,-23.4953],[-50.4135,-23.4926],[-50.413,-23.4892],[-50.4066,-23.486],[-50.4069,-23.4824],[-50.4083,-23.4805],[-50.4149,-23.4788],[-50.4229,-23.4796],[-50.4276,-23.4794],[-50.4303,-23.4771],[-50.4299,-23.4735],[-50.4279,-23.4721],[-50.422,-23.4715],[-50.4194,-23.4698],[-50.4173,-23.4628],[-50.4173,-23.459],[-50.4203,-23.4536],[-50.4227,-23.4521],[-50.4266,-23.4518],[-50.4319,-23.4536],[-50.4351,-23.4535],[-50.4355,-23.4512],[-50.4384,-23.4475],[-50.4436,-23.4438],[-50.4419,-23.4402],[-50.4346,-23.4414],[-50.4347,-23.4378],[-50.4374,-23.437],[-50.4393,-23.4346],[-50.4405,-23.4254],[-50.4459,-23.4221],[-50.4512,-23.4248],[-50.4567,-23.4227],[-50.4567,-23.4192],[-50.4584,-23.415],[-50.4591,-23.4135],[-50.4609,-23.4103],[-50.4611,-23.4099]]}},{"type":"Feature","properties":{"nome":"Rio Laranjinha","classe":"afluente","nome_ana":"Rio Laranjinha","dominio":"Estadual","area_montante_km2":2992.13},"geometry":{"type":"LineString","coordinates":[[-50.4782,-23.3377],[-50.4747,-23.3306],[-50.4794,-23.3281],[-50.487,-23.3274],[-50.4884,-23.3247],[-50.4883,-23.321],[-50.4868,-23.3177],[-50.4819,-23.3175],[-50.4754,-23.3224],[-50.4707,-23.3231],[-50.4673,-23.3216],[-50.4674,-23.3177],[-50.4752,-23.3155],[-50.476,-23.311],[-50.4786,-23.3089],[-50.4825,-23.3078],[-50.4849,-23.3087],[-50.489,-23.3128],[-50.4932,-23.3115],[-50.4938,-23.3087],[-50.4926,-23.3043],[-50.4927,-23.3015],[-50.4948,-23.2973],[-50.4906,-23.2957],[-50.4856,-23.2974],[-50.4812,-23.2979],[-50.4783,-23.2967],[-50.476,-23.292],[-50.4793,-23.2894],[-50.4822,-23.2861],[-50.4826,-23.2751],[-50.4854,-23.2735],[-50.5,-23.271],[-50.5049,-23.2687],[-50.5079,-23.2647],[-50.5079,-23.2624],[-50.5035,-23.2595],[-50.4995,-23.2614],[-50.4942,-23.2619],[-50.4889,-23.2602],[-50.4867,-23.258],[-50.4831,-23.2511],[-50.4806,-23.2491],[-50.4777,-23.249],[-50.4746,-23.2512],[-50.4723,-23.2528],[-50.4718,-23.2532],[-50.4713,-23.2535]]}},{"type":"Feature","properties":{"nome":"Rio Laranjinha","classe":"afluente","nome_ana":"Rio Laranjinha","dominio":"Estadual","area_montante_km2":1651.06},"geometry":{"type":"LineString","coordinates":[[-50.4477,-23.7528],[-50.4479,-23.7527],[-50.4505,-23.7523],[-50.4568,-23.7529],[-50.4671,-23.7527],[-50.4755,-23.7505],[-50.48,-23.7472],[-50.4798,-23.7432],[-50.4712,-23.7416],[-50.4649,-23.7422],[-50.461,-23.7396],[-50.4626,-23.7365],[-50.4696,-23.7341],[-50.4712,-23.7317],[-50.4701,-23.7292],[-50.4672,-23.7271],[-50.4634,-23.7278],[-50.461,-23.7331],[-50.4587,-23.7348],[-50.4513,-23.7362],[-50.4498,-23.7385],[-50.4496,-23.7422],[-50.4454,-23.7435],[-50.4432,-23.741],[-50.4408,-23.7361],[-50.4411,-23.732],[-50.444,-23.7285],[-50.4428,-23.7247],[-50.4378,-23.7247],[-50.4333,-23.7227],[-50.4311,-23.7166],[-50.4288,-23.7135],[-50.4277,-23.7076],[-50.4244,-23.7033],[-50.4299,-23.7009],[-50.4307,-23.6979],[-50.4279,-23.6953],[-50.4218,-23.6947],[-50.4207,-23.6921],[-50.4236,-23.6882],[-50.4228,-23.6843],[-50.425,-23.6823],[-50.4245,-23.6799],[-50.422,-23.6771],[-50.4225,-23.6748],[-50.4258,-23.6722],[-50.4327,-23.6731],[-50.438,-23.6717],[-50.4396,-23.6691],[-50.4397,-23.6664],[-50.4363,-23.6615],[-50.4381,-23.659],[-50.4409,-23.658],[-50.4421,-23.6536],[-50.4363,-23.6479],[-50.438,-23.6395],[-50.4397,-23.6329],[-50.4338,-23.6321],[-50.4327,-23.6261],[-50.4302,-23.6239],[-50.4277,-23.6246],[-50.4238,-23.6295],[-50.4171,-23.628],[-50.4171,-23.6252],[-50.4209,-23.6209],[-50.4199,-23.6175],[-50.4161,-23.617],[-50.4123,-23.6208],[-50.4112,-23.627],[-50.4071,-23.6226],[-50.4067,-23.6222]]}},{"type":"Feature","properties":{"nome":"Rio Laranjinha","classe":"afluente","nome_ana":"Rio Laranjinha","dominio":"Estadual","area_montante_km2":1837.61},"geometry":{"type":"LineString","coordinates":[[-50.4067,-23.6222],[-50.4071,-23.6216],[-50.4073,-23.6211],[-50.4079,-23.6203],[-50.4109,-23.6154],[-50.408,-23.6145],[-50.4018,-23.6172],[-50.3994,-23.6151],[-50.4008,-23.6117],[-50.3999,-23.6089],[-50.398,-23.6065],[-50.3985,-23.6029],[-50.3952,-23.6016],[-50.3936,-23.5995],[-50.3933,-23.5959],[-50.3931,-23.5938],[-50.393,-23.5936]]}},{"type":"Feature","properties":{"nome":"Rio Laranjinha","classe":"afluente","nome_ana":"Rio Laranjinha","dominio":"Estadual","area_montante_km2":299.037},"geometry":{"type":"LineString","coordinates":[[-50.1612,-24.0298],[-50.1613,-24.0298],[-50.162,-24.0299],[-50.1662,-24.0302],[-50.1707,-24.0329],[-50.1751,-24.0299],[-50.1804,-24.0293],[-50.1861,-24.0252],[-50.1919,-24.0262],[-50.1974,-24.0199],[-50.2069,-24.0115],[-50.2101,-24.0054],[-50.2162,-24.0033],[-50.2233,-24.0016],[-50.2241,-24.0014],[-50.2248,-24.0012]]}},{"type":"Feature","properties":{"nome":"Rio Laranjinha","classe":"afluente","nome_ana":"Rio Laranjinha","dominio":"Estadual","area_montante_km2":3359.41},"geometry":{"type":"LineString","coordinates":[[-50.4727,-23.2255],[-50.4706,-23.2208],[-50.4713,-23.2151],[-50.4732,-23.2116],[-50.4732,-23.2093],[-50.4712,-23.2054],[-50.472,-23.199],[-50.471,-23.1955],[-50.4678,-23.1909],[-50.465,-23.1881],[-50.4617,-23.1861],[-50.4555,-23.1838],[-50.4432,-23.1827],[-50.4426,-23.1796],[-50.4449,-23.1776],[-50.4537,-23.1743],[-50.4641,-23.1683],[-50.4659,-23.164],[-50.4659,-23.1626],[-50.4659,-23.1622],[-50.4658,-23.1608]]}},{"type":"Feature","properties":{"nome":"Rio Pardo","classe":"afluente","nome_ana":"Rio Pardo","dominio":"Estadual","area_montante_km2":899.93},"geometry":{"type":"LineString","coordinates":[[-48.783,-22.9653],[-48.784,-22.9653],[-48.7845,-22.9654],[-48.7859,-22.9655],[-48.7911,-22.964],[-48.7936,-22.9614],[-48.7965,-22.9632],[-48.8053,-22.9611],[-48.8145,-22.9549],[-48.8225,-22.9511],[-48.83,-22.9501],[-48.8375,-22.9477],[-48.8425,-22.9475],[-48.849,-22.9456],[-48.852,-22.9426],[-48.8538,-22.9357],[-48.8531,-22.9311],[-48.8528,-22.9295],[-48.8528,-22.9292]]}},{"type":"Feature","properties":{"nome":"Rio Pardo","classe":"afluente","nome_ana":"Rio Pardo","dominio":"Estadual","area_montante_km2":366.866},"geometry":{"type":"LineString","coordinates":[[-48.5921,-22.9475],[-48.5927,-22.9477],[-48.5935,-22.948],[-48.5984,-22.9497],[-48.6011,-22.9483],[-48.6044,-22.9452],[-48.6094,-22.9443],[-48.6108,-22.9501],[-48.6188,-22.9532],[-48.6225,-22.9562],[-48.6233,-22.9569],[-48.6236,-22.9572]]}},{"type":"Feature","properties":{"nome":"Rio Pardo","classe":"afluente","nome_ana":"Rio Pardo","dominio":"Estadual","area_montante_km2":3381.03},"geometry":{"type":"LineString","coordinates":[[-49.2538,-22.8796],[-49.256,-22.8778],[-49.2561,-22.8777],[-49.2562,-22.8777]]}},{"type":"Feature","properties":{"nome":"Rio Pardo","classe":"afluente","nome_ana":"Rio Pardo","dominio":"Estadual","area_montante_km2":33811},"geometry":{"type":"LineString","coordinates":[[-52.1686,-21.7618],[-52.1685,-21.7619],[-52.1564,-21.7723],[-52.1561,-21.7726],[-52.1556,-21.773]]}},{"type":"Feature","properties":{"nome":"Rio Pardo","classe":"afluente","nome_ana":"Rio Pardo","dominio":"Estadual","area_montante_km2":3820.88},"geometry":{"type":"LineString","coordinates":[[-49.3788,-22.8851],[-49.383,-22.8876],[-49.3893,-22.8871],[-49.3965,-22.8869]]}},{"type":"Feature","properties":{"nome":"Rio Pardo","classe":"afluente","nome_ana":"Rio Pardo","dominio":"Estadual","area_montante_km2":3360.09},"geometry":{"type":"LineString","coordinates":[[-49.2132,-22.8695],[-49.2133,-22.8695],[-49.2138,-22.8697],[-49.2174,-22.8715],[-49.2225,-22.8773],[-49.2272,-22.8795],[-49.2359,-22.8812],[-49.2403,-22.8808],[-49.251,-22.8799],[-49.2517,-22.8798],[-49.2537,-22.8796],[-49.2538,-22.8796]]}},{"type":"Feature","properties":{"nome":"Rio Pardo","classe":"afluente","nome_ana":"Rio Pardo","dominio":"Estadual","area_montante_km2":3489.15},"geometry":{"type":"LineString","coordinates":[[-49.2825,-22.8811],[-49.2832,-22.8812],[-49.2837,-22.8812],[-49.2894,-22.8816],[-49.302,-22.8835],[-49.3022,-22.8835]]}},{"type":"Feature","properties":{"nome":"Rio Pardo","classe":"afluente","nome_ana":"Rio Pardo","dominio":"Estadual","area_montante_km2":9058.02},"geometry":{"type":"LineString","coordinates":[[-49.9522,-22.9068],[-49.9529,-22.9069],[-49.9575,-22.9075],[-49.9664,-22.9097],[-49.9691,-22.9105],[-49.9712,-22.9111]]}},{"type":"Feature","properties":{"nome":"Rio Pardo","classe":"afluente","nome_ana":"Rio Pardo","dominio":"Estadual","area_montante_km2":1043.71},"geometry":{"type":"LineString","coordinates":[[-48.8664,-22.9277],[-48.8684,-22.9321],[-48.8722,-22.9336],[-48.8791,-22.9297],[-48.8842,-22.9329],[-48.8918,-22.9346],[-48.8961,-22.9347],[-48.8986,-22.9335],[-48.9074,-22.9313],[-48.9115,-22.9282],[-48.9142,-22.9227],[-48.9141,-22.9203],[-48.9152,-22.9179],[-48.92,-22.9155],[-48.923,-22.9124],[-48.9282,-22.9117],[-48.9363,-22.9111],[-48.94,-22.9117],[-48.9474,-22.9114],[-48.9549,-22.9096],[-48.9631,-22.9047],[-48.9688,-22.9035],[-48.9709,-22.9031]]}},{"type":"Feature","properties":{"nome":"Rio Pardo","classe":"afluente","nome_ana":"Rio Pardo","dominio":"Estadual","area_montante_km2":1074.01},"geometry":{"type":"LineString","coordinates":[[-48.9709,-22.9031],[-48.9714,-22.9028],[-48.972,-22.9026],[-48.9762,-22.9008],[-48.9893,-22.9003],[-48.9932,-22.8979],[-48.9951,-22.8934],[-48.9979,-22.8901],[-49.0033,-22.8895],[-49.0034,-22.8895],[-49.0052,-22.8898],[-49.0067,-22.89]]}},{"type":"Feature","properties":{"nome":"Rio Pardo","classe":"afluente","nome_ana":"Rio Pardo","dominio":"Estadual","area_montante_km2":4136.75},"geometry":{"type":"LineString","coordinates":[[-49.5388,-22.905],[-49.539,-22.905],[-49.5449,-22.9019],[-49.5495,-22.9018],[-49.5539,-22.9044],[-49.5594,-22.9042],[-49.5663,-22.8992],[-49.5676,-22.8969],[-49.5689,-22.8946],[-49.569,-22.8944]]}},{"type":"Feature","properties":{"nome":"Rio Pardo","classe":"afluente","nome_ana":"Rio Pardo","dominio":"Estadual","area_montante_km2":4083.08},"geometry":{"type":"LineString","coordinates":[[-49.5256,-22.9104],[-49.5258,-22.9103],[-49.5262,-22.9102],[-49.5314,-22.9089],[-49.5381,-22.9054],[-49.5388,-22.905]]}},{"type":"Feature","properties":{"nome":"Rio Pardo","classe":"afluente","nome_ana":"Rio Pardo","dominio":"Estadual","area_montante_km2":814.274},"geometry":{"type":"LineString","coordinates":[[-48.7389,-22.9522],[-48.7525,-22.9532],[-48.7576,-22.9559],[-48.7634,-22.9567],[-48.7671,-22.9582],[-48.7711,-22.9609],[-48.7766,-22.9622],[-48.78,-22.9651],[-48.7807,-22.9651],[-48.783,-22.9653]]}},{"type":"Feature","properties":{"nome":"Rio Pardo","classe":"afluente","nome_ana":"Rio Pardo","dominio":"Estadual","area_montante_km2":311.142},"geometry":{"type":"LineString","coordinates":[[-48.5277,-22.9814],[-48.5283,-22.9812],[-48.5288,-22.981],[-48.5315,-22.98],[-48.5386,-22.9733],[-48.5418,-22.9689],[-48.5449,-22.9665],[-48.5487,-22.9657],[-48.5524,-22.9659],[-48.5549,-22.9672],[-48.5576,-22.97],[-48.5609,-22.9695],[-48.5682,-22.9624],[-48.5749,-22.9616],[-48.578,-22.9607],[-48.5794,-22.9584],[-48.5818,-22.9564],[-48.5875,-22.9538],[-48.5886,-22.9509],[-48.5921,-22.9475]]}},{"type":"Feature","properties":{"nome":"Rio Pardo","classe":"afluente","nome_ana":"Rio Pardo","dominio":"Estadual","area_montante_km2":2313.18},"geometry":{"type":"LineString","coordinates":[[-49.1512,-22.8377],[-49.1514,-22.8378],[-49.152,-22.8382],[-49.1545,-22.8402],[-49.1881,-22.8548],[-49.191,-22.8561],[-49.1912,-22.8561],[-49.1914,-22.8562]]}},{"type":"Feature","properties":{"nome":"Rio Pardo","classe":"afluente","nome_ana":"Rio Pardo","dominio":"Estadual","area_montante_km2":959.961},"geometry":{"type":"LineString","coordinates":[[-48.8528,-22.9292],[-48.8537,-22.9292],[-48.8548,-22.9292],[-48.8592,-22.9294],[-48.8624,-22.9277],[-48.8639,-22.9277],[-48.8654,-22.9277],[-48.8664,-22.9277]]}},{"type":"Feature","properties":{"nome":"Rio Pardo","classe":"afluente","nome_ana":"Rio Pardo","dominio":"Estadual","area_montante_km2":3716.93},"geometry":{"type":"LineString","coordinates":[[-49.3595,-22.8888],[-49.3769,-22.8855],[-49.3786,-22.8852],[-49.3788,-22.8851]]}},{"type":"Feature","properties":{"nome":"Rio Pardo","classe":"afluente","nome_ana":"Rio Pardo","dominio":"Estadual","area_montante_km2":3865.11},"geometry":{"type":"LineString","coordinates":[[-49.3965,-22.8869],[-49.3966,-22.8867],[-49.397,-22.8863],[-49.3971,-22.8862],[-49.3993,-22.8837],[-49.4035,-22.8856],[-49.4043,-22.8881],[-49.4115,-22.8906],[-49.4218,-22.8967],[-49.4224,-22.8971],[-49.4227,-22.8973]]}},{"type":"Feature","properties":{"nome":"Rio Pardo","classe":"afluente","nome_ana":"Rio Pardo","dominio":"Estadual","area_montante_km2":3982.26},"geometry":{"type":"LineString","coordinates":[[-49.442,-22.9059],[-49.442,-22.906],[-49.4428,-22.9061],[-49.4431,-22.9061],[-49.446,-22.9065],[-49.4572,-22.9092],[-49.4646,-22.9093],[-49.4701,-22.9059],[-49.4718,-22.9048]]}},{"type":"Feature","properties":{"nome":"Rio Pardo","classe":"afluente","nome_ana":"Rio Pardo","dominio":"Estadual","area_montante_km2":3892.56},"geometry":{"type":"LineString","coordinates":[[-49.4227,-22.8973],[-49.4248,-22.9048],[-49.4379,-22.9054],[-49.442,-22.9059]]}},{"type":"Feature","properties":{"nome":"Rio Pardo","classe":"afluente","nome_ana":"Rio Pardo","dominio":"Estadual","area_montante_km2":2406.59},"geometry":{"type":"LineString","coordinates":[[-49.1942,-22.8575],[-49.2001,-22.8606],[-49.206,-22.8661],[-49.2119,-22.8689],[-49.2132,-22.8695]]}},{"type":"Feature","properties":{"nome":"Rio Pardo","classe":"afluente","nome_ana":"Rio Pardo","dominio":"Estadual","area_montante_km2":3557.95},"geometry":{"type":"LineString","coordinates":[[-49.3146,-22.8854],[-49.3282,-22.8858],[-49.3449,-22.8871],[-49.3524,-22.8886],[-49.3548,-22.8887],[-49.3588,-22.8888],[-49.3592,-22.8888],[-49.3595,-22.8888]]}},{"type":"Feature","properties":{"nome":"Rio Pardo","classe":"afluente","nome_ana":"Rio Pardo","dominio":"Estadual","area_montante_km2":2383.61},"geometry":{"type":"LineString","coordinates":[[-49.1914,-22.8562],[-49.1932,-22.857],[-49.1937,-22.8572],[-49.1942,-22.8575]]}},{"type":"Feature","properties":{"nome":"Rio Pardo","classe":"afluente","nome_ana":"Rio Pardo","dominio":"Estadual","area_montante_km2":527.681},"geometry":{"type":"LineString","coordinates":[[-48.6886,-22.947],[-48.6887,-22.947],[-48.6887,-22.947],[-48.6888,-22.947],[-48.7048,-22.9451],[-48.716,-22.9423],[-48.719,-22.943],[-48.7219,-22.9432],[-48.7244,-22.9433]]}},{"type":"Feature","properties":{"nome":"Rio Pardo","classe":"afluente","nome_ana":"Rio Pardo","dominio":"Estadual","area_montante_km2":4203.01},"geometry":{"type":"LineString","coordinates":[[-49.569,-22.8944],[-49.5695,-22.8942],[-49.5745,-22.8924],[-49.581,-22.8913],[-49.591,-22.8908],[-49.595,-22.893],[-49.595,-22.8953],[-49.5931,-22.8983],[-49.594,-22.9012],[-49.5996,-22.9022],[-49.6079,-22.9017],[-49.6135,-22.9032],[-49.6188,-22.9054],[-49.6247,-22.9088],[-49.6277,-22.9117],[-49.6286,-22.9125],[-49.6295,-22.9134],[-49.6296,-22.9134]]}},{"type":"Feature","properties":{"nome":"Rio Pardo","classe":"afluente","nome_ana":"Rio Pardo","dominio":"Estadual","area_montante_km2":4740.04},"geometry":{"type":"LineString","coordinates":[[-49.6841,-22.9531],[-49.6842,-22.9528],[-49.6845,-22.9521],[-49.6846,-22.952],[-49.686,-22.9487],[-49.6837,-22.9435],[-49.6836,-22.9405],[-49.6876,-22.9374],[-49.694,-22.9367],[-49.6985,-22.9405],[-49.7035,-22.9525],[-49.7066,-22.9539],[-49.7105,-22.9531],[-49.7128,-22.9515],[-49.7181,-22.9497],[-49.7188,-22.9473],[-49.7179,-22.9442],[-49.7195,-22.9389],[-49.7336,-22.9439],[-49.7346,-22.9468],[-49.7285,-22.9537],[-49.7291,-22.9573],[-49.7314,-22.9584],[-49.7408,-22.9589],[-49.744,-22.961],[-49.744,-22.9634],[-49.7508,-22.9632],[-49.7538,-22.9616],[-49.7574,-22.9621],[-49.7601,-22.9656],[-49.7598,-22.9689],[-49.7604,-22.9722],[-49.7677,-22.9731],[-49.7714,-22.9763],[-49.7757,-22.9755],[-49.7812,-22.9715],[-49.7879,-22.9718],[-49.7963,-22.9697],[-49.7992,-22.9716],[-49.8028,-22.9727],[-49.8103,-22.9691],[-49.8168,-22.9686],[-49.8212,-22.967],[-49.825,-22.9643],[-49.831,-22.9516],[-49.8355,-22.9454],[-49.8397,-22.9438],[-49.8452,-22.9449],[-49.8479,-22.9471],[-49.8498,-22.9507],[-49.8524,-22.9511],[-49.8583,-22.95],[-49.8624,-22.9506],[-49.8661,-22.9501],[-49.8717,-22.9474],[-49.8747,-22.9471],[-49.8781,-22.9458],[-49.8811,-22.9437],[-49.8862,-22.938],[-49.8863,-22.9379],[-49.8863,-22.9378],[-49.8867,-22.9374]]}},{"type":"Feature","properties":{"nome":"Rio Pardo","classe":"afluente","nome_ana":"Rio Pardo","dominio":"Estadual","area_montante_km2":1333.38},"geometry":{"type":"LineString","coordinates":[[-49.0665,-22.8834],[-49.0671,-22.8833],[-49.0742,-22.8823],[-49.0771,-22.8835],[-49.0809,-22.8831],[-49.083,-22.8815],[-49.0842,-22.8794],[-49.0927,-22.8764],[-49.0971,-22.8735],[-49.1059,-22.8694],[-49.109,-22.867],[-49.1117,-22.861],[-49.1171,-22.8584],[-49.1174,-22.8556],[-49.1165,-22.8532],[-49.1194,-22.8501],[-49.1242,-22.8493],[-49.1304,-22.8472],[-49.1391,-22.8502],[-49.1438,-22.849],[-49.1438,-22.8461],[-49.1428,-22.8415],[-49.1476,-22.8398],[-49.1501,-22.8383],[-49.1504,-22.8382],[-49.151,-22.8378],[-49.1512,-22.8377]]}},{"type":"Feature","properties":{"nome":"Rio Pardo","classe":"afluente","nome_ana":"Rio Pardo","dominio":"Estadual","area_montante_km2":1254.45},"geometry":{"type":"LineString","coordinates":[[-49.0067,-22.89],[-49.0069,-22.89],[-49.0101,-22.8904],[-49.0121,-22.889],[-49.0165,-22.885],[-49.0216,-22.888],[-49.027,-22.8869],[-49.0332,-22.8884],[-49.0376,-22.886],[-49.0413,-22.8862],[-49.0419,-22.89],[-49.0442,-22.8936],[-49.0487,-22.8939],[-49.0509,-22.8924],[-49.0522,-22.8889],[-49.0574,-22.8819],[-49.06,-22.8817],[-49.0616,-22.8837],[-49.0633,-22.8844],[-49.0644,-22.8849],[-49.0665,-22.8834]]}},{"type":"Feature","properties":{"nome":"Rio Pardo","classe":"afluente","nome_ana":"Rio Pardo","dominio":"Estadual","area_montante_km2":4050.36},"geometry":{"type":"LineString","coordinates":[[-49.4799,-22.905],[-49.4801,-22.9048],[-49.4861,-22.9014],[-49.4893,-22.901],[-49.4925,-22.9021],[-49.4973,-22.906],[-49.5008,-22.9079],[-49.5053,-22.908],[-49.514,-22.9071],[-49.5225,-22.9095],[-49.5255,-22.9103],[-49.5256,-22.9104]]}},{"type":"Feature","properties":{"nome":"Rio Pardo","classe":"afluente","nome_ana":"Rio Pardo","dominio":"Estadual","area_montante_km2":3988.31},"geometry":{"type":"LineString","coordinates":[[-49.4718,-22.9048],[-49.472,-22.9048],[-49.4796,-22.905],[-49.4799,-22.905]]}},{"type":"Feature","properties":{"nome":"Rio Pardo","classe":"afluente","nome_ana":"Rio Pardo","dominio":"Estadual","area_montante_km2":4306.86},"geometry":{"type":"LineString","coordinates":[[-49.6296,-22.9134],[-49.6298,-22.9137],[-49.6316,-22.9165],[-49.6356,-22.9198],[-49.6353,-22.9223],[-49.6295,-22.9251],[-49.6299,-22.9281],[-49.6295,-22.9437],[-49.63,-22.9489],[-49.6322,-22.9536],[-49.6349,-22.9564],[-49.6353,-22.9569],[-49.6355,-22.957],[-49.6357,-22.9572]]}},{"type":"Feature","properties":{"nome":"Rio Pardo","classe":"afluente","nome_ana":"Rio Pardo","dominio":"Estadual","area_montante_km2":8997.31},"geometry":{"type":"LineString","coordinates":[[-49.8867,-22.9374],[-49.887,-22.9373],[-49.8961,-22.9349],[-49.9026,-22.9349],[-49.9069,-22.9365],[-49.9111,-22.9397],[-49.9142,-22.9396],[-49.9197,-22.9337],[-49.9244,-22.9251],[-49.9304,-22.9171],[-49.936,-22.9125],[-49.9416,-22.9091],[-49.947,-22.9071],[-49.951,-22.9069],[-49.9522,-22.9068],[-49.9522,-22.9068]]}},{"type":"Feature","properties":{"nome":"Rio Pardo","classe":"afluente","nome_ana":"Rio Pardo","dominio":"Estadual","area_montante_km2":102.918},"geometry":{"type":"LineString","coordinates":[[-48.4124,-22.9971],[-48.4124,-22.997],[-48.4206,-22.9892],[-48.4198,-22.9863],[-48.4194,-22.9847],[-48.4193,-22.9844],[-48.4192,-22.9838]]}},{"type":"Feature","properties":{"nome":"Rio Pardo","classe":"afluente","nome_ana":"Rio Pardo","dominio":"Estadual","area_montante_km2":177.887},"geometry":{"type":"LineString","coordinates":[[-48.4192,-22.9838],[-48.4195,-22.9839],[-48.4201,-22.9842],[-48.424,-22.986],[-48.4302,-22.9864],[-48.4336,-22.9884],[-48.4385,-22.9879],[-48.4423,-22.9886],[-48.4463,-22.9873],[-48.4459,-22.9843],[-48.4436,-22.9804],[-48.4493,-22.9786],[-48.4592,-22.9776],[-48.4659,-22.9725],[-48.469,-22.9723],[-48.4728,-22.9735],[-48.4758,-22.973],[-48.4788,-22.9716],[-48.4833,-22.9711],[-48.4907,-22.9728],[-48.5041,-22.974],[-48.5113,-22.9732],[-48.5137,-22.9741],[-48.5166,-22.9773],[-48.519,-22.9789],[-48.5253,-22.9807],[-48.527,-22.9812],[-48.5277,-22.9814]]}},{"type":"Feature","properties":{"nome":"Rio Pardo","classe":"afluente","nome_ana":"Rio Pardo","dominio":"Estadual","area_montante_km2":569.643},"geometry":{"type":"LineString","coordinates":[[-48.7244,-22.9433],[-48.7244,-22.9433],[-48.7385,-22.9519],[-48.7386,-22.952],[-48.7387,-22.952],[-48.7389,-22.9522]]}},{"type":"Feature","properties":{"nome":"Rio Pardo","classe":"afluente","nome_ana":"Rio Pardo","dominio":"Estadual","area_montante_km2":461.424},"geometry":{"type":"LineString","coordinates":[[-48.6359,-22.9637],[-48.6359,-22.9637],[-48.6362,-22.9638],[-48.6369,-22.9642],[-48.6392,-22.9653],[-48.6429,-22.9662],[-48.6541,-22.9645],[-48.6591,-22.962],[-48.6654,-22.9616],[-48.6679,-22.961],[-48.6734,-22.9563],[-48.6798,-22.9538],[-48.6879,-22.9475],[-48.6886,-22.947]]}},{"type":"Feature","properties":{"nome":"Rio Pardo","classe":"afluente","nome_ana":"Rio Pardo","dominio":"Estadual","area_montante_km2":427.262},"geometry":{"type":"LineString","coordinates":[[-48.6236,-22.9572],[-48.6264,-22.9598],[-48.6327,-22.962],[-48.6352,-22.9633],[-48.6359,-22.9637]]}},{"type":"Feature","properties":{"nome":"Rio Pardo","classe":"afluente","nome_ana":"Rio Pardo","dominio":"Estadual","area_montante_km2":66.0749},"geometry":{"type":"LineString","coordinates":[[-48.3818,-23.0727],[-48.3853,-23.0687],[-48.3861,-23.0657],[-48.389,-23.0612],[-48.39,-23.0577],[-48.3901,-23.0531],[-48.3938,-23.0444],[-48.3947,-23.0405],[-48.3941,-23.0347],[-48.3911,-23.0304],[-48.3905,-23.0281],[-48.3937,-23.0235],[-48.3968,-23.0241],[-48.3984,-23.0221],[-48.3985,-23.0198],[-48.3976,-23.0177],[-48.3926,-23.0143],[-48.394,-23.011],[-48.3968,-23.01],[-48.4018,-23.0094],[-48.4049,-23.0074],[-48.4095,-23.0006],[-48.411,-22.9988],[-48.412,-22.9975],[-48.4124,-22.9971]]}},{"type":"Feature","properties":{"nome":"Rio Pardo","classe":"afluente","nome_ana":"Rio Pardo","dominio":"Estadual","area_montante_km2":3456.15},"geometry":{"type":"LineString","coordinates":[[-49.2562,-22.8777],[-49.2562,-22.8777],[-49.2562,-22.8777],[-49.2565,-22.8777],[-49.2757,-22.8806],[-49.2798,-22.8809],[-49.2825,-22.8811]]}},{"type":"Feature","properties":{"nome":"Rio Paranapanema","classe":"principal","nome_ana":"Rio Paranapanema","dominio":"Federal","area_montante_km2":37762},"geometry":{"type":"LineString","coordinates":[[-49.9712,-22.9111],[-49.9718,-22.9108],[-49.9753,-22.909],[-49.98,-22.9057],[-49.9861,-22.9024],[-49.9891,-22.9012],[-49.9895,-22.901],[-49.9897,-22.9009]]}},{"type":"Feature","properties":{"nome":"Rio Paranapanema","classe":"principal","nome_ana":"Rio Paranapanema","dominio":"Federal","area_montante_km2":1514.93},"geometry":{"type":"LineString","coordinates":[[-48.2539,-23.8567],[-48.2617,-23.8497],[-48.2647,-23.8496],[-48.2667,-23.8512],[-48.2685,-23.854],[-48.2721,-23.8531],[-48.2748,-23.851],[-48.2773,-23.8459],[-48.2774,-23.8432],[-48.2775,-23.8414]]}},{"type":"Feature","properties":{"nome":"Rio Paranapanema","classe":"principal","nome_ana":"Rio Paranapanema","dominio":"Federal","area_montante_km2":5934.92},"geometry":{"type":"LineString","coordinates":[[-48.5348,-23.5578],[-48.535,-23.5578],[-48.5354,-23.5579],[-48.5363,-23.5582],[-48.538,-23.5586],[-48.5415,-23.5574],[-48.546,-23.559],[-48.5518,-23.5563],[-48.5565,-23.5554],[-48.5616,-23.5586],[-48.5622,-23.5628],[-48.5667,-23.5665],[-48.563,-23.5726],[-48.5672,-23.5741],[-48.5719,-23.5732],[-48.5781,-23.5747],[-48.5859,-23.5741],[-48.5922,-23.5713],[-48.5953,-23.5706],[-48.5983,-23.5724],[-48.5937,-23.5805],[-48.5934,-23.583],[-48.6016,-23.5843],[-48.603,-23.5837],[-48.607,-23.5821],[-48.6072,-23.582],[-48.6078,-23.5818],[-48.6079,-23.5817]]}},{"type":"Feature","properties":{"nome":"Rio Paranapanema","classe":"principal","nome_ana":"Rio Paranapanema","dominio":"Federal","area_montante_km2":18815.1},"geometry":{"type":"LineString","coordinates":[[-49.442,-23.1323],[-49.4427,-23.1325],[-49.4432,-23.1326],[-49.4466,-23.1335],[-49.4531,-23.139],[-49.4609,-23.1404],[-49.4639,-23.143],[-49.4644,-23.1476],[-49.4667,-23.1501],[-49.4702,-23.1505],[-49.4714,-23.1507]]}},{"type":"Feature","properties":{"nome":"Rio Paranapanema","classe":"principal","nome_ana":"Rio Paranapanema","dominio":"Federal","area_montante_km2":18429.3},"geometry":{"type":"LineString","coordinates":[[-49.3262,-23.1703],[-49.3293,-23.1697],[-49.3361,-23.1682],[-49.3457,-23.1679],[-49.3481,-23.1695],[-49.3496,-23.1744],[-49.3527,-23.1759],[-49.3555,-23.1756],[-49.3612,-23.1728],[-49.3629,-23.171],[-49.3645,-23.1678],[-49.3644,-23.1632],[-49.362,-23.1528],[-49.3621,-23.1499],[-49.3644,-23.1464],[-49.369,-23.1461],[-49.3711,-23.1476],[-49.3727,-23.1498],[-49.3726,-23.1529],[-49.3701,-23.1564],[-49.3675,-23.1632],[-49.3687,-23.1699],[-49.3688,-23.1751],[-49.3646,-23.1813],[-49.3606,-23.1852],[-49.3593,-23.1881],[-49.3563,-23.1918],[-49.3571,-23.1955],[-49.3619,-23.1935],[-49.3654,-23.1894],[-49.3704,-23.1874],[-49.3746,-23.1871],[-49.3789,-23.184],[-49.3862,-23.1764],[-49.3895,-23.1747],[-49.3951,-23.1736],[-49.4007,-23.1745],[-49.4084,-23.1737],[-49.4093,-23.1736],[-49.4099,-23.1736]]}},{"type":"Feature","properties":{"nome":"Rio Paranapanema","classe":"principal","nome_ana":"Rio Paranapanema","dominio":"Federal","area_montante_km2":96143.1},"geometry":{"type":"LineString","coordinates":[[-52.1345,-22.5507],[-52.1348,-22.5511],[-52.1442,-22.5677],[-52.1445,-22.5734],[-52.1446,-22.5743],[-52.1446,-22.5744]]}},{"type":"Feature","properties":{"nome":"Rio Paranapanema","classe":"principal","nome_ana":"Rio Paranapanema","dominio":"Federal","area_montante_km2":87051.4},"geometry":{"type":"LineString","coordinates":[[-51.6064,-22.6716],[-51.6231,-22.6627],[-51.6434,-22.6603],[-51.6461,-22.66],[-51.6464,-22.6599]]}},{"type":"Feature","properties":{"nome":"Rio Paranapanema","classe":"principal","nome_ana":"Rio Paranapanema","dominio":"Federal","area_montante_km2":88131.3},"geometry":{"type":"LineString","coordinates":[[-51.7514,-22.6182],[-51.752,-22.6182],[-51.7526,-22.6182],[-51.7677,-22.6178],[-51.796,-22.6209],[-51.8162,-22.6264],[-51.828,-22.6295],[-51.8281,-22.6295]]}},{"type":"Feature","properties":{"nome":"Rio Paranapanema","classe":"principal","nome_ana":"Rio Paranapanema","dominio":"Federal","area_montante_km2":39535.4},"geometry":{"type":"LineString","coordinates":[[-50.1661,-22.9466],[-50.1663,-22.9467],[-50.1663,-22.9467],[-50.1748,-22.9482],[-50.1794,-22.9519],[-50.186,-22.954],[-50.1925,-22.9518],[-50.1986,-22.9514],[-50.2064,-22.9539],[-50.2069,-22.954]]}},{"type":"Feature","properties":{"nome":"Rio Paranapanema","classe":"principal","nome_ana":"Rio Paranapanema","dominio":"Federal","area_montante_km2":84917.5},"geometry":{"type":"LineString","coordinates":[[-51.3405,-22.6619],[-51.3622,-22.6568],[-51.3683,-22.6574],[-51.37,-22.6576],[-51.3755,-22.6581]]}},{"type":"Feature","properties":{"nome":"Rio Paranapanema","classe":"principal","nome_ana":"Rio Paranapanema","dominio":"Federal","area_montante_km2":96555.3},"geometry":{"type":"LineString","coordinates":[[-52.2659,-22.6175],[-52.2659,-22.6175],[-52.2659,-22.6175],[-52.2789,-22.6207],[-52.2885,-22.6276]]}},{"type":"Feature","properties":{"nome":"Rio Paranapanema","classe":"principal","nome_ana":"Rio Paranapanema","dominio":"Federal","area_montante_km2":3159.5},"geometry":{"type":"LineString","coordinates":[[-48.4755,-23.6497],[-48.4755,-23.6495],[-48.4755,-23.642],[-48.4719,-23.635],[-48.4707,-23.6304],[-48.4717,-23.6278],[-48.4751,-23.6243],[-48.4757,-23.6188],[-48.4738,-23.6115],[-48.4791,-23.6086]]}},{"type":"Feature","properties":{"nome":"Rio Paranapanema","classe":"principal","nome_ana":"Rio Paranapanema","dominio":"Federal","area_montante_km2":97687.8},"geometry":{"type":"LineString","coordinates":[[-52.3386,-22.6247],[-52.3387,-22.6247],[-52.355,-22.6225],[-52.3614,-22.6215],[-52.3616,-22.6215]]}},{"type":"Feature","properties":{"nome":"Rio Paranapanema","classe":"principal","nome_ana":"Rio Paranapanema","dominio":"Federal","area_montante_km2":13217},"geometry":{"type":"LineString","coordinates":[[-49.1544,-23.2607],[-49.1545,-23.2607],[-49.1627,-23.2608],[-49.1904,-23.2593],[-49.1918,-23.2592],[-49.1919,-23.2592]]}},{"type":"Feature","properties":{"nome":"Rio Paranapanema","classe":"principal","nome_ana":"Rio Paranapanema","dominio":"Federal","area_montante_km2":88724.6},"geometry":{"type":"LineString","coordinates":[[-51.883,-22.6217],[-51.8831,-22.6216],[-51.9004,-22.6135],[-51.9105,-22.6059],[-51.9115,-22.6051],[-51.9125,-22.6044]]}},{"type":"Feature","properties":{"nome":"Rio Paranapanema","classe":"principal","nome_ana":"Rio Paranapanema","dominio":"Estadual","area_montante_km2":653.536},"geometry":{"type":"LineString","coordinates":[[-48.2157,-23.9386],[-48.2162,-23.9386],[-48.2266,-23.9383],[-48.2295,-23.9395],[-48.232,-23.9401],[-48.2344,-23.9406],[-48.2348,-23.9407]]}},{"type":"Feature","properties":{"nome":"Rio Paranapanema","classe":"principal","nome_ana":"Rio Paranapanema","dominio":"Federal","area_montante_km2":12721.3},"geometry":{"type":"LineString","coordinates":[[-48.988,-23.2783],[-49.006,-23.2687],[-49.016,-23.263],[-49.0174,-23.2622]]}},{"type":"Feature","properties":{"nome":"Rio Paranapanema","classe":"principal","nome_ana":"Rio Paranapanema","dominio":"Federal","area_montante_km2":12104.4},"geometry":{"type":"LineString","coordinates":[[-48.9266,-23.3015],[-48.9271,-23.3017],[-48.9343,-23.3038],[-48.9347,-23.304]]}},{"type":"Feature","properties":{"nome":"Rio Paranapanema","classe":"principal","nome_ana":"Rio Paranapanema","dominio":"Federal","area_montante_km2":12978.2},"geometry":{"type":"LineString","coordinates":[[-49.0719,-23.2563],[-49.072,-23.2563],[-49.1189,-23.2604],[-49.152,-23.2607],[-49.1544,-23.2607]]}},{"type":"Feature","properties":{"nome":"Rio Paranapanema","classe":"principal","nome_ana":"Rio Paranapanema","dominio":"Federal","area_montante_km2":39687.2},"geometry":{"type":"LineString","coordinates":[[-50.2069,-22.954],[-50.2071,-22.954],[-50.2074,-22.954],[-50.2245,-22.9521],[-50.2307,-22.954],[-50.24,-22.9534],[-50.2452,-22.9537],[-50.2492,-22.9501],[-50.2522,-22.9426],[-50.2557,-22.9377],[-50.2678,-22.9341],[-50.2734,-22.9312],[-50.2773,-22.9319],[-50.2818,-22.9354],[-50.2851,-22.9368],[-50.2857,-22.937],[-50.2857,-22.937]]}},{"type":"Feature","properties":{"nome":"Rio Paranapanema","classe":"principal","nome_ana":"Rio Paranapanema","dominio":"Federal","area_montante_km2":2307.08},"geometry":{"type":"LineString","coordinates":[[-48.319,-23.8502],[-48.3194,-23.8502],[-48.3258,-23.8509],[-48.3304,-23.8502],[-48.3334,-23.849],[-48.3388,-23.8514],[-48.3411,-23.8482],[-48.3402,-23.8452],[-48.3343,-23.8415],[-48.3325,-23.8396],[-48.3335,-23.8364],[-48.3387,-23.8319],[-48.3434,-23.8303],[-48.3478,-23.8306],[-48.3487,-23.8307],[-48.3493,-23.8307]]}},{"type":"Feature","properties":{"nome":"Rio Paranapanema","classe":"principal","nome_ana":"Rio Paranapanema","dominio":"Federal","area_montante_km2":8863.64},"geometry":{"type":"LineString","coordinates":[[-48.6079,-23.5817],[-48.6072,-23.5779],[-48.6079,-23.575],[-48.6133,-23.5695],[-48.6162,-23.5619],[-48.6232,-23.5621],[-48.6242,-23.5512],[-48.6206,-23.5476],[-48.6181,-23.5431],[-48.6202,-23.5395],[-48.6258,-23.5407],[-48.6343,-23.5439],[-48.642,-23.5443],[-48.6489,-23.5427],[-48.6473,-23.5354],[-48.6441,-23.5293],[-48.64,-23.5253],[-48.6327,-23.5245],[-48.6295,-23.52],[-48.6262,-23.5135],[-48.621,-23.5062],[-48.6206,-23.4957],[-48.6222,-23.4908],[-48.6226,-23.4876],[-48.6165,-23.4855],[-48.6169,-23.4794],[-48.6169,-23.4792],[-48.6169,-23.4787]]}},{"type":"Feature","properties":{"nome":"Rio Paranapanema","classe":"principal","nome_ana":"Rio Paranapanema","dominio":"Federal","area_montante_km2":10069.8},"geometry":{"type":"LineString","coordinates":[[-48.6842,-23.3988],[-48.6777,-23.3947],[-48.67,-23.3919],[-48.6603,-23.3862],[-48.6536,-23.3828],[-48.6516,-23.3783],[-48.6548,-23.3714],[-48.6678,-23.3654],[-48.6726,-23.3516],[-48.6772,-23.3496],[-48.6777,-23.3493]]}},{"type":"Feature","properties":{"nome":"Rio Paranapanema","classe":"principal","nome_ana":"Rio Paranapanema","dominio":"Federal","area_montante_km2":99917.1},"geometry":{"type":"LineString","coordinates":[[-52.6673,-22.6153],[-52.6819,-22.6205],[-52.6887,-22.6203],[-52.6898,-22.6203],[-52.6904,-22.6203],[-52.6904,-22.6203]]}},{"type":"Feature","properties":{"nome":"Rio Paranapanema","classe":"principal","nome_ana":"Rio Paranapanema","dominio":"Federal","area_montante_km2":100923},"geometry":{"type":"LineString","coordinates":[[-52.782,-22.6027],[-52.782,-22.6027],[-52.81,-22.6011],[-52.8277,-22.6],[-52.8294,-22.5999]]}},{"type":"Feature","properties":{"nome":"Rio Paranapanema","classe":"principal","nome_ana":"Rio Paranapanema","dominio":"Federal","area_montante_km2":96229.9},"geometry":{"type":"LineString","coordinates":[[-52.1446,-22.5744],[-52.1446,-22.5747],[-52.1458,-22.5957],[-52.1447,-22.6112]]}},{"type":"Feature","properties":{"nome":"Rio Paranapanema","classe":"principal","nome_ana":"Rio Paranapanema","dominio":"Federal","area_montante_km2":12852.9},"geometry":{"type":"LineString","coordinates":[[-49.0174,-23.2622],[-49.0187,-23.2621],[-49.0326,-23.2612],[-49.0697,-23.2566],[-49.0719,-23.2563]]}},{"type":"Feature","properties":{"nome":"Rio Paranapanema","classe":"principal","nome_ana":"Rio Paranapanema","dominio":"Federal","area_montante_km2":11773},"geometry":{"type":"LineString","coordinates":[[-48.8028,-23.2754],[-48.8029,-23.2754],[-48.8047,-23.2758],[-48.8085,-23.2768],[-48.8091,-23.2769],[-48.8094,-23.277],[-48.8113,-23.2774]]}},{"type":"Feature","properties":{"nome":"Rio Paranapanema","classe":"principal","nome_ana":"Rio Paranapanema","dominio":"Federal","area_montante_km2":83625.9},"geometry":{"type":"LineString","coordinates":[[-51.3026,-22.6662],[-51.3029,-22.6662],[-51.3164,-22.6662],[-51.3383,-22.6623],[-51.3396,-22.662],[-51.3405,-22.6619]]}},{"type":"Feature","properties":{"nome":"Rio Paranapanema","classe":"principal","nome_ana":"Rio Paranapanema","dominio":"Federal","area_montante_km2":10016.6},"geometry":{"type":"LineString","coordinates":[[-48.6978,-23.4202],[-48.6972,-23.4146],[-48.6911,-23.4065],[-48.6854,-23.4002],[-48.685,-23.3997],[-48.6848,-23.3995],[-48.6845,-23.3992],[-48.6842,-23.3988]]}},{"type":"Feature","properties":{"nome":"Rio Paranapanema","classe":"principal","nome_ana":"Rio Paranapanema","dominio":"Federal","area_montante_km2":41263.9},"geometry":{"type":"LineString","coordinates":[[-50.4301,-22.9446],[-50.4308,-22.9447],[-50.4339,-22.9447],[-50.4419,-22.9415],[-50.449,-22.9415],[-50.463,-22.9433],[-50.4714,-22.9428],[-50.477,-22.9409],[-50.4818,-22.9369],[-50.4849,-22.9364],[-50.486,-22.9362]]}},{"type":"Feature","properties":{"nome":"Rio Paranapanema","classe":"principal","nome_ana":"Rio Paranapanema","dominio":"Estadual","area_montante_km2":614.979},"geometry":{"type":"LineString","coordinates":[[-48.1783,-23.9933],[-48.1784,-23.9932],[-48.181,-23.9921],[-48.1834,-23.9863],[-48.1872,-23.9831],[-48.1871,-23.9801],[-48.1856,-23.978],[-48.1831,-23.9768],[-48.1802,-23.9764],[-48.1762,-23.9734],[-48.1751,-23.9705],[-48.1761,-23.9674],[-48.179,-23.9663],[-48.1842,-23.9698],[-48.1851,-23.9662],[-48.1897,-23.9631],[-48.1929,-23.9646],[-48.1946,-23.9671],[-48.1981,-23.9667],[-48.1992,-23.963],[-48.2007,-23.9609],[-48.2051,-23.9595],[-48.2047,-23.9548],[-48.2049,-23.9509],[-48.211,-23.9459],[-48.2143,-23.9408],[-48.2157,-23.9387],[-48.2157,-23.9386]]}},{"type":"Feature","properties":{"nome":"Rio Paranapanema","classe":"principal","nome_ana":"Rio Paranapanema","dominio":"Federal","area_montante_km2":18233.9},"geometry":{"type":"LineString","coordinates":[[-49.3266,-23.1982],[-49.327,-23.1983],[-49.327,-23.1983],[-49.331,-23.1995],[-49.3364,-23.198],[-49.3374,-23.1955],[-49.3362,-23.186],[-49.3364,-23.1788],[-49.333,-23.1759],[-49.3285,-23.1745],[-49.3269,-23.1716],[-49.3265,-23.1709],[-49.3262,-23.1703]]}},{"type":"Feature","properties":{"nome":"Rio Paranapanema","classe":"principal","nome_ana":"Rio Paranapanema","dominio":"Federal","area_montante_km2":18526.3},"geometry":{"type":"LineString","coordinates":[[-49.4099,-23.1736],[-49.412,-23.1708],[-49.4131,-23.1686],[-49.413,-23.1636],[-49.4117,-23.1616],[-49.4061,-23.1565],[-49.4057,-23.1536],[-49.4056,-23.1529],[-49.4055,-23.1526]]}},{"type":"Feature","properties":{"nome":"Rio Paranapanema","classe":"principal","nome_ana":"Rio Paranapanema","dominio":"Federal","area_montante_km2":82417.6},"geometry":{"type":"LineString","coordinates":[[-51.1984,-22.7251],[-51.1995,-22.7245],[-51.1995,-22.7245],[-51.2122,-22.7172],[-51.2335,-22.6931],[-51.2475,-22.6768],[-51.289,-22.6662],[-51.289,-22.6662],[-51.2892,-22.6662]]}},{"type":"Feature","properties":{"nome":"Rio Paranapanema","classe":"principal","nome_ana":"Rio Paranapanema","dominio":"Federal","area_montante_km2":39926.7},"geometry":{"type":"LineString","coordinates":[[-50.2857,-22.937],[-50.2986,-22.9384],[-50.3023,-22.9395],[-50.3095,-22.9472],[-50.3131,-22.9486],[-50.3271,-22.949],[-50.3403,-22.9467],[-50.3438,-22.9429],[-50.3485,-22.935],[-50.3506,-22.933],[-50.3516,-22.9304],[-50.3533,-22.9287],[-50.3539,-22.9281]]}},{"type":"Feature","properties":{"nome":"Rio Paranapanema","classe":"principal","nome_ana":"Rio Paranapanema","dominio":"Federal","area_montante_km2":95738.3},"geometry":{"type":"LineString","coordinates":[[-52.0748,-22.534],[-52.0754,-22.5338],[-52.0757,-22.5338],[-52.0905,-22.5299]]}},{"type":"Feature","properties":{"nome":"Rio Paranapanema","classe":"principal","nome_ana":"Rio Paranapanema","dominio":"Federal","area_montante_km2":81601.9},"geometry":{"type":"LineString","coordinates":[[-51.1047,-22.7622],[-51.1053,-22.7622],[-51.1053,-22.7621],[-51.1054,-22.7621],[-51.1303,-22.7591],[-51.1571,-22.7552],[-51.169,-22.7453],[-51.1691,-22.7452],[-51.1697,-22.7446]]}},{"type":"Feature","properties":{"nome":"Rio Paranapanema","classe":"principal","nome_ana":"Rio Paranapanema","dominio":"Federal","area_montante_km2":51109.8},"geometry":{"type":"LineString","coordinates":[[-50.5195,-22.9397],[-50.5203,-22.9388],[-50.5205,-22.9387],[-50.5265,-22.9321],[-50.535,-22.9227],[-50.5389,-22.915],[-50.5453,-22.913],[-50.5462,-22.9127]]}},{"type":"Feature","properties":{"nome":"Rio Paranapanema","classe":"principal","nome_ana":"Rio Paranapanema","dominio":"Federal","area_montante_km2":27965.6},"geometry":{"type":"LineString","coordinates":[[-49.7552,-23.1069],[-49.7555,-23.1068],[-49.7673,-23.1055],[-49.7798,-23.1028],[-49.7877,-23.0981],[-49.7937,-23.0964],[-49.7938,-23.0964],[-49.795,-23.096]]}},{"type":"Feature","properties":{"nome":"Rio Paranapanema","classe":"principal","nome_ana":"Rio Paranapanema","dominio":"Federal","area_montante_km2":2392.69},"geometry":{"type":"LineString","coordinates":[[-48.3493,-23.8307],[-48.3505,-23.8288],[-48.3523,-23.8251],[-48.3556,-23.8218],[-48.3589,-23.8216],[-48.362,-23.8225],[-48.3642,-23.825],[-48.3586,-23.8297],[-48.3601,-23.8343],[-48.3653,-23.8339],[-48.3673,-23.8318],[-48.3683,-23.8279],[-48.3686,-23.8217],[-48.3731,-23.8143],[-48.3735,-23.8122],[-48.3717,-23.8096],[-48.367,-23.8088],[-48.3642,-23.8076],[-48.3617,-23.8055],[-48.3552,-23.8054],[-48.3552,-23.8037],[-48.3552,-23.8035],[-48.3552,-23.8032],[-48.3552,-23.8031]]}},{"type":"Feature","properties":{"nome":"Rio Paranapanema","classe":"principal","nome_ana":"Rio Paranapanema","dominio":"Estadual","area_montante_km2":712.908},"geometry":{"type":"LineString","coordinates":[[-48.2348,-23.9407],[-48.2368,-23.939],[-48.2443,-23.9321],[-48.2485,-23.9266],[-48.2573,-23.9214],[-48.2605,-23.9186],[-48.2609,-23.9138],[-48.264,-23.9094],[-48.2625,-23.9065],[-48.2577,-23.9043],[-48.259,-23.902],[-48.2618,-23.9005],[-48.2609,-23.8933],[-48.2624,-23.8867],[-48.2617,-23.8823],[-48.2588,-23.8772],[-48.2588,-23.8695],[-48.2552,-23.8644],[-48.254,-23.8616],[-48.2539,-23.8582],[-48.2539,-23.8582],[-48.2539,-23.857],[-48.2539,-23.8567]]}},{"type":"Feature","properties":{"nome":"Rio Paranapanema","classe":"principal","nome_ana":"Rio Paranapanema","dominio":"Federal","area_montante_km2":39353.3},"geometry":{"type":"LineString","coordinates":[[-50.1377,-22.9408],[-50.1378,-22.9408],[-50.1379,-22.9407],[-50.1458,-22.9378],[-50.1541,-22.9378],[-50.1565,-22.9389],[-50.1624,-22.9447],[-50.1655,-22.9463],[-50.1661,-22.9466]]}},{"type":"Feature","properties":{"nome":"Rio Paranapanema","classe":"principal","nome_ana":"Rio Paranapanema","dominio":"Federal","area_montante_km2":98911.7},"geometry":{"type":"LineString","coordinates":[[-52.4773,-22.6163],[-52.4784,-22.6167],[-52.4802,-22.6175],[-52.4928,-22.6229],[-52.5051,-22.6207],[-52.5276,-22.611],[-52.5298,-22.6094],[-52.5317,-22.6081],[-52.532,-22.6079]]}},{"type":"Feature","properties":{"nome":"Rio Paranapanema","classe":"principal","nome_ana":"Rio Paranapanema","dominio":"Federal","area_montante_km2":100304},"geometry":{"type":"LineString","coordinates":[[-52.7623,-22.6064],[-52.7631,-22.6063],[-52.781,-22.6029],[-52.782,-22.6027]]}},{"type":"Feature","properties":{"nome":"Rio Paranapanema","classe":"principal","nome_ana":"Rio Paranapanema","dominio":"Federal","area_montante_km2":86978.9},"geometry":{"type":"LineString","coordinates":[[-51.593,-22.6865],[-51.5932,-22.6863],[-51.6049,-22.6733],[-51.6057,-22.6724],[-51.6064,-22.6716]]}},{"type":"Feature","properties":{"nome":"Rio Paranapanema","classe":"principal","nome_ana":"Rio Paranapanema","dominio":"Federal","area_montante_km2":86744.7},"geometry":{"type":"LineString","coordinates":[[-51.57,-22.6964],[-51.5702,-22.6963],[-51.5709,-22.6962],[-51.5806,-22.6935],[-51.5927,-22.6867],[-51.5928,-22.6866],[-51.593,-22.6865]]}},{"type":"Feature","properties":{"nome":"Rio Paranapanema","classe":"principal","nome_ana":"Rio Paranapanema","dominio":"Federal","area_montante_km2":2542.22},"geometry":{"type":"LineString","coordinates":[[-48.394,-23.7783],[-48.3964,-23.7766],[-48.3956,-23.7738],[-48.3916,-23.7726],[-48.3907,-23.7694],[-48.3925,-23.7676],[-48.3972,-23.7651],[-48.3984,-23.7612],[-48.396,-23.7599],[-48.3927,-23.7613],[-48.3897,-23.7639],[-48.3863,-23.7648],[-48.3827,-23.7612],[-48.3797,-23.7624],[-48.3778,-23.7646],[-48.3727,-23.7632],[-48.3721,-23.7604],[-48.3755,-23.7562],[-48.3786,-23.7547],[-48.3824,-23.7545],[-48.3917,-23.7568],[-48.3977,-23.7549],[-48.3943,-23.7522],[-48.3944,-23.7488],[-48.3978,-23.7468],[-48.4047,-23.7472],[-48.4086,-23.7457],[-48.4078,-23.7428],[-48.4053,-23.7417],[-48.4049,-23.7384],[-48.4071,-23.7349],[-48.4056,-23.7324],[-48.4018,-23.7331],[-48.3996,-23.7348],[-48.3961,-23.7412],[-48.3919,-23.7408],[-48.3926,-23.7369],[-48.3943,-23.7348],[-48.3981,-23.7321],[-48.3985,-23.7294],[-48.3974,-23.7264],[-48.398,-23.7231],[-48.4032,-23.7183],[-48.4068,-23.7173],[-48.4084,-23.7156],[-48.4097,-23.7142],[-48.4106,-23.7132]]}},{"type":"Feature","properties":{"nome":"Rio Paranapanema","classe":"principal","nome_ana":"Rio Paranapanema","dominio":"Federal","area_montante_km2":98708.4},"geometry":{"type":"LineString","coordinates":[[-52.4193,-22.6061],[-52.4198,-22.606],[-52.4218,-22.6056],[-52.4303,-22.6038],[-52.4479,-22.6078],[-52.448,-22.6078],[-52.4493,-22.6081]]}},{"type":"Feature","properties":{"nome":"Rio Paranapanema","classe":"principal","nome_ana":"Rio Paranapanema","dominio":"Federal","area_montante_km2":97630.7},"geometry":{"type":"LineString","coordinates":[[-52.3195,-22.6273],[-52.3195,-22.6273],[-52.3374,-22.6249],[-52.3386,-22.6247]]}},{"type":"Feature","properties":{"nome":"Rio Paranapanema","classe":"principal","nome_ana":"Rio Paranapanema","dominio":"Federal","area_montante_km2":101942},"geometry":{"type":"LineString","coordinates":[[-53.0786,-22.6412],[-53.0867,-22.6534],[-53.1006,-22.6675],[-53.123,-22.6856],[-53.1237,-22.6862],[-53.1239,-22.6863]]}},{"type":"Feature","properties":{"nome":"Rio Paranapanema","classe":"principal","nome_ana":"Rio Paranapanema","dominio":"Federal","area_montante_km2":40987.4},"geometry":{"type":"LineString","coordinates":[[-50.3539,-22.9281],[-50.3542,-22.9279],[-50.3544,-22.9278],[-50.3545,-22.9278],[-50.3613,-22.9239],[-50.3644,-22.9176],[-50.3686,-22.9125],[-50.3739,-22.9077],[-50.3778,-22.906],[-50.3941,-22.9068],[-50.3949,-22.9069],[-50.3997,-22.9077]]}},{"type":"Feature","properties":{"nome":"Rio Paranapanema","classe":"principal","nome_ana":"Rio Paranapanema","dominio":"Federal","area_montante_km2":94027.5},"geometry":{"type":"LineString","coordinates":[[-52.0144,-22.5466],[-52.0349,-22.5399],[-52.0357,-22.5396]]}},{"type":"Feature","properties":{"nome":"Rio Paranapanema","classe":"principal","nome_ana":"Rio Paranapanema","dominio":"Federal","area_montante_km2":88584.2},"geometry":{"type":"LineString","coordinates":[[-51.8737,-22.6341],[-51.8739,-22.6338],[-51.8824,-22.6225],[-51.883,-22.6217]]}},{"type":"Feature","properties":{"nome":"Rio Paranapanema","classe":"principal","nome_ana":"Rio Paranapanema","dominio":"Federal","area_montante_km2":38976.9},"geometry":{"type":"LineString","coordinates":[[-49.9897,-22.9009],[-49.9906,-22.9012],[-49.9939,-22.902],[-49.9965,-22.906],[-49.9963,-22.9084],[-49.9938,-22.9107],[-49.9926,-22.9129],[-49.9927,-22.9212],[-49.992,-22.9283],[-49.9962,-22.9308],[-50.0036,-22.9305],[-50.0099,-22.9291],[-50.0128,-22.9264],[-50.0174,-22.9205],[-50.0194,-22.9148],[-50.0234,-22.9109],[-50.0342,-22.9107],[-50.0408,-22.9086],[-50.045,-22.9056],[-50.0479,-22.9049],[-50.0518,-22.9079],[-50.0573,-22.9173],[-50.061,-22.9224],[-50.0674,-22.9264],[-50.0709,-22.9278],[-50.0736,-22.9288],[-50.0749,-22.9293]]}},{"type":"Feature","properties":{"nome":"Rio Paranapanema","classe":"principal","nome_ana":"Rio Paranapanema","dominio":"Federal","area_montante_km2":86143.3},"geometry":{"type":"LineString","coordinates":[[-51.5107,-22.6962],[-51.5108,-22.6962],[-51.5149,-22.6961],[-51.5151,-22.6961]]}},{"type":"Feature","properties":{"nome":"Rio Paranapanema","classe":"principal","nome_ana":"Rio Paranapanema","dominio":"Federal","area_montante_km2":19340.6},"geometry":{"type":"LineString","coordinates":[[-49.4714,-23.1507],[-49.4715,-23.1506],[-49.475,-23.1477],[-49.4812,-23.1396],[-49.4907,-23.1368],[-49.4966,-23.1384],[-49.5029,-23.1393],[-49.5054,-23.1405],[-49.5166,-23.1416],[-49.5209,-23.1434],[-49.5273,-23.1416],[-49.5368,-23.1389],[-49.5412,-23.139],[-49.5463,-23.1402],[-49.5505,-23.1375],[-49.5515,-23.1354],[-49.5537,-23.1332],[-49.5593,-23.1342],[-49.5613,-23.1361],[-49.5686,-23.1385],[-49.5707,-23.1412],[-49.5744,-23.1457],[-49.5813,-23.1461],[-49.585,-23.1473],[-49.5884,-23.1494],[-49.5959,-23.1484],[-49.6002,-23.1467],[-49.6059,-23.1466],[-49.6085,-23.1459],[-49.611,-23.144],[-49.6139,-23.14],[-49.6207,-23.1402],[-49.6236,-23.1417],[-49.6274,-23.1423],[-49.6317,-23.1413],[-49.6358,-23.1359],[-49.6363,-23.1331],[-49.6384,-23.1307],[-49.6413,-23.1303],[-49.6452,-23.1316],[-49.6477,-23.1344],[-49.6503,-23.1361],[-49.6534,-23.1349],[-49.6561,-23.132],[-49.6584,-23.1256],[-49.6629,-23.117],[-49.665,-23.1148],[-49.6675,-23.114],[-49.6703,-23.114],[-49.6746,-23.1183],[-49.6836,-23.118],[-49.6867,-23.119],[-49.6879,-23.1239],[-49.6848,-23.1286],[-49.6801,-23.1331],[-49.6805,-23.1362],[-49.6835,-23.137],[-49.6903,-23.1333],[-49.6974,-23.1384],[-49.704,-23.1392],[-49.7068,-23.14],[-49.7096,-23.1418],[-49.717,-23.1548],[-49.7173,-23.1553],[-49.7173,-23.1553]]}},{"type":"Feature","properties":{"nome":"Rio Paranapanema","classe":"principal","nome_ana":"Rio Paranapanema","dominio":"Federal","area_montante_km2":81192.7},"geometry":{"type":"LineString","coordinates":[[-50.9954,-22.804],[-50.9957,-22.8037],[-50.9961,-22.8033],[-51.0074,-22.7931]]}},{"type":"Feature","properties":{"nome":"Rio Paranapanema","classe":"principal","nome_ana":"Rio Paranapanema","dominio":"Federal","area_montante_km2":88920.1},"geometry":{"type":"LineString","coordinates":[[-51.9125,-22.6044],[-51.9249,-22.5949],[-51.9585,-22.5703],[-51.9907,-22.554],[-52.0136,-22.5468],[-52.014,-22.5467],[-52.0144,-22.5466]]}},{"type":"Feature","properties":{"nome":"Rio Paranapanema","classe":"principal","nome_ana":"Rio Paranapanema","dominio":"Federal","area_montante_km2":11643.8},"geometry":{"type":"LineString","coordinates":[[-48.7614,-23.3021],[-48.7616,-23.302],[-48.7618,-23.3019],[-48.762,-23.3018],[-48.7761,-23.2953],[-48.7768,-23.2951],[-48.7772,-23.2948]]}},{"type":"Feature","properties":{"nome":"Rio Paranapanema","classe":"principal","nome_ana":"Rio Paranapanema","dominio":"Federal","area_montante_km2":5818.49},"geometry":{"type":"LineString","coordinates":[[-48.4992,-23.5954],[-48.4989,-23.5952],[-48.4967,-23.5935],[-48.4938,-23.5923],[-48.4921,-23.5904],[-48.4918,-23.5875],[-48.4936,-23.5834],[-48.4917,-23.5783],[-48.4925,-23.5754],[-48.4952,-23.5712],[-48.4955,-23.5669],[-48.4977,-23.5638],[-48.4983,-23.563],[-48.4987,-23.5626]]}},{"type":"Feature","properties":{"nome":"Rio Paranapanema","classe":"principal","nome_ana":"Rio Paranapanema","dominio":"Federal","area_montante_km2":1583.45},"geometry":{"type":"LineString","coordinates":[[-48.2841,-23.8329],[-48.2846,-23.8328],[-48.2854,-23.8328],[-48.2935,-23.8318],[-48.2951,-23.8298],[-48.2965,-23.8243],[-48.2994,-23.825],[-48.3045,-23.8291],[-48.3093,-23.8302],[-48.3153,-23.8282],[-48.3196,-23.8332],[-48.3172,-23.8379],[-48.3163,-23.8411],[-48.3161,-23.8451],[-48.3167,-23.8475],[-48.3181,-23.8492],[-48.3183,-23.8494],[-48.319,-23.8502]]}},{"type":"Feature","properties":{"nome":"Rio Paranapanema","classe":"principal","nome_ana":"Rio Paranapanema","dominio":"Federal","area_montante_km2":5870.99},"geometry":{"type":"LineString","coordinates":[[-48.4987,-23.5626],[-48.5017,-23.5597],[-48.5027,-23.5526],[-48.505,-23.5493],[-48.5077,-23.548],[-48.5115,-23.549],[-48.5115,-23.5539],[-48.5128,-23.5588],[-48.5148,-23.5604],[-48.5211,-23.5589],[-48.5209,-23.5514],[-48.522,-23.5471],[-48.5267,-23.5421],[-48.5306,-23.5413],[-48.5462,-23.5408],[-48.5493,-23.5419],[-48.5522,-23.5454],[-48.5522,-23.5478],[-48.551,-23.5508],[-48.5463,-23.5512],[-48.543,-23.5466],[-48.5384,-23.5482],[-48.5357,-23.5525],[-48.5345,-23.5556],[-48.5348,-23.5578]]}},{"type":"Feature","properties":{"nome":"Rio Paranapanema","classe":"principal","nome_ana":"Rio Paranapanema","dominio":"Federal","area_montante_km2":51430.4},"geometry":{"type":"LineString","coordinates":[[-50.6332,-22.9123],[-50.643,-22.9058],[-50.6445,-22.9049]]}},{"type":"Feature","properties":{"nome":"Rio Paranapanema","classe":"principal","nome_ana":"Rio Paranapanema","dominio":"Federal","area_montante_km2":85083.7},"geometry":{"type":"LineString","coordinates":[[-51.3755,-22.6581],[-51.3763,-22.6582],[-51.3776,-22.6583],[-51.3828,-22.6588],[-51.3968,-22.6669],[-51.4041,-22.6693],[-51.4138,-22.6685],[-51.4212,-22.6599],[-51.4335,-22.6547],[-51.4442,-22.6565],[-51.4471,-22.657],[-51.4474,-22.657]]}},{"type":"Feature","properties":{"nome":"Rio Paranapanema","classe":"principal","nome_ana":"Rio Paranapanema","dominio":"Estadual","area_montante_km2":254.764},"geometry":{"type":"LineString","coordinates":[[-48.2646,-24.2683],[-48.2681,-24.2729],[-48.2708,-24.275],[-48.2761,-24.2748],[-48.2794,-24.2698],[-48.2796,-24.2675],[-48.2786,-24.2639],[-48.2724,-24.2582],[-48.2711,-24.2551],[-48.2674,-24.2507],[-48.2593,-24.247],[-48.2567,-24.2448],[-48.2567,-24.2396],[-48.2556,-24.2357],[-48.254,-24.2328],[-48.2499,-24.2282],[-48.243,-24.2242],[-48.2377,-24.223],[-48.2348,-24.2245],[-48.229,-24.2265],[-48.2234,-24.2256],[-48.2193,-24.2259],[-48.2155,-24.2279],[-48.2122,-24.2271],[-48.2122,-24.2222],[-48.211,-24.2196],[-48.207,-24.2157],[-48.2067,-24.212],[-48.2132,-24.1966],[-48.2146,-24.1862],[-48.2143,-24.1828],[-48.2122,-24.1783],[-48.2062,-24.1764],[-48.2041,-24.1711],[-48.2085,-24.1639],[-48.209,-24.1609],[-48.2083,-24.1582],[-48.2063,-24.1563],[-48.2038,-24.1567],[-48.202,-24.1549],[-48.2013,-24.1513],[-48.2026,-24.1481],[-48.2029,-24.143],[-48.2069,-24.1433],[-48.209,-24.1418],[-48.2085,-24.1366],[-48.2093,-24.1308],[-48.2176,-24.1294],[-48.2197,-24.1279],[-48.2205,-24.1247],[-48.221,-24.1167],[-48.2248,-24.1168],[-48.2255,-24.113],[-48.2192,-24.1079],[-48.2177,-24.0976],[-48.2165,-24.0941],[-48.2124,-24.0893],[-48.2076,-24.0942],[-48.2046,-24.0897],[-48.2019,-24.0901],[-48.1987,-24.0906],[-48.2025,-24.0838],[-48.2021,-24.0803],[-48.1994,-24.0758],[-48.1955,-24.0769],[-48.1923,-24.0768],[-48.1898,-24.0717],[-48.1846,-24.0702],[-48.1839,-24.0621],[-48.1833,-24.0586],[-48.1853,-24.0551],[-48.1851,-24.0521],[-48.1779,-24.0447],[-48.1822,-24.0399],[-48.1806,-24.0369],[-48.1769,-24.0358],[-48.18,-24.0331],[-48.183,-24.032],[-48.1834,-24.0291],[-48.1813,-24.0268],[-48.1763,-24.0241],[-48.1745,-24.0208],[-48.1746,-24.0166],[-48.1772,-24.0125],[-48.1799,-24.0065],[-48.1803,-24.0022],[-48.1788,-23.9952],[-48.1784,-23.9937],[-48.1783,-23.9933]]}},{"type":"Feature","properties":{"nome":"Rio Paranapanema","classe":"principal","nome_ana":"Rio Paranapanema","dominio":"Federal","area_montante_km2":3114.15},"geometry":{"type":"LineString","coordinates":[[-48.4343,-23.7063],[-48.4377,-23.7034],[-48.4386,-23.6987],[-48.4393,-23.6962],[-48.4412,-23.6947],[-48.4412,-23.6914],[-48.4381,-23.6882],[-48.4418,-23.6835],[-48.4414,-23.6813],[-48.4398,-23.6772],[-48.4432,-23.6744],[-48.4542,-23.6718],[-48.4568,-23.6681],[-48.4554,-23.6663],[-48.4551,-23.6641],[-48.4597,-23.6567],[-48.4585,-23.6518],[-48.4609,-23.6504],[-48.4617,-23.6475],[-48.4647,-23.6458],[-48.4673,-23.6472],[-48.4685,-23.6508],[-48.4705,-23.6522],[-48.4732,-23.6517],[-48.475,-23.6501],[-48.4754,-23.6498],[-48.4755,-23.6497]]}},{"type":"Feature","properties":{"nome":"Rio Paranapanema","classe":"principal","nome_ana":"Rio Paranapanema","dominio":"Federal","area_montante_km2":11502.5},"geometry":{"type":"LineString","coordinates":[[-48.6777,-23.3493],[-48.6779,-23.3493],[-48.6901,-23.3439],[-48.7018,-23.3423],[-48.7055,-23.3321],[-48.7051,-23.324],[-48.7116,-23.3204],[-48.7274,-23.3224],[-48.7373,-23.3176],[-48.7383,-23.3172],[-48.7386,-23.3171]]}},{"type":"Feature","properties":{"nome":"Rio Paranapanema","classe":"principal","nome_ana":"Rio Paranapanema","dominio":"Federal","area_montante_km2":81466.3},"geometry":{"type":"LineString","coordinates":[[-51.0984,-22.7629],[-51.1047,-22.7622]]}},{"type":"Feature","properties":{"nome":"Rio Paranapanema","classe":"principal","nome_ana":"Rio Paranapanema","dominio":"Federal","area_montante_km2":96535.8},"geometry":{"type":"LineString","coordinates":[[-52.1447,-22.6112],[-52.1447,-22.6113],[-52.1446,-22.6121],[-52.1442,-22.6178],[-52.1438,-22.6333],[-52.1462,-22.6403],[-52.1631,-22.6611],[-52.1782,-22.6669],[-52.1906,-22.6759],[-52.2073,-22.6778],[-52.2213,-22.6774],[-52.2283,-22.6695],[-52.2282,-22.643],[-52.2309,-22.6332],[-52.2348,-22.626],[-52.2397,-22.6199],[-52.2468,-22.6165],[-52.2517,-22.6152],[-52.26,-22.6163],[-52.2659,-22.6175]]}},{"type":"Feature","properties":{"nome":"Rio Paranapanema","classe":"principal","nome_ana":"Rio Paranapanema","dominio":"Federal","area_montante_km2":18075},"geometry":{"type":"LineString","coordinates":[[-49.2427,-23.1876],[-49.2464,-23.1878],[-49.252,-23.1897],[-49.2613,-23.1892],[-49.2651,-23.1895],[-49.2718,-23.1912],[-49.2725,-23.1937],[-49.2743,-23.199],[-49.2785,-23.2028],[-49.2795,-23.2058],[-49.2821,-23.2084],[-49.2848,-23.2079],[-49.2881,-23.2037],[-49.2911,-23.2032],[-49.2936,-23.2016],[-49.293,-23.1972],[-49.2957,-23.1927],[-49.3001,-23.1885],[-49.3058,-23.1854],[-49.3135,-23.1845],[-49.3166,-23.1853],[-49.3189,-23.1869],[-49.3242,-23.1962],[-49.3266,-23.1982]]}},{"type":"Feature","properties":{"nome":"Rio Paranapanema","classe":"principal","nome_ana":"Rio Paranapanema","dominio":"Federal","area_montante_km2":101104},"geometry":{"type":"LineString","coordinates":[[-52.8406,-22.5992],[-52.8412,-22.5992],[-52.8568,-22.5998],[-52.8723,-22.5936],[-52.8886,-22.5827],[-52.8994,-22.5781],[-52.9001,-22.5778]]}},{"type":"Feature","properties":{"nome":"Rio Paranapanema","classe":"principal","nome_ana":"Rio Paranapanema","dominio":"Federal","area_montante_km2":9938.3},"geometry":{"type":"LineString","coordinates":[[-48.6416,-23.4523],[-48.6416,-23.4519],[-48.6416,-23.441],[-48.6433,-23.4333],[-48.651,-23.4333],[-48.6566,-23.4422],[-48.6599,-23.4478],[-48.666,-23.4519],[-48.681,-23.4474],[-48.6891,-23.4474],[-48.698,-23.4401],[-48.6988,-23.4296],[-48.6982,-23.4245],[-48.698,-23.4226],[-48.6979,-23.4209],[-48.6978,-23.4202]]}},{"type":"Feature","properties":{"nome":"Rio Paranapanema","classe":"principal","nome_ana":"Rio Paranapanema","dominio":"Federal","area_montante_km2":12148.2},"geometry":{"type":"LineString","coordinates":[[-48.9347,-23.304],[-48.9359,-23.3037],[-48.9602,-23.2995],[-48.9745,-23.2857],[-48.9748,-23.2853],[-48.9748,-23.2853]]}},{"type":"Feature","properties":{"nome":"Rio Paranapanema","classe":"principal","nome_ana":"Rio Paranapanema","dominio":"Federal","area_montante_km2":95427.2},"geometry":{"type":"LineString","coordinates":[[-52.0357,-22.5396],[-52.0362,-22.5396],[-52.0563,-22.5388],[-52.0748,-22.534]]}},{"type":"Feature","properties":{"nome":"Rio Paranapanema","classe":"principal","nome_ana":"Rio Paranapanema","dominio":"Federal","area_montante_km2":88563.1},"geometry":{"type":"LineString","coordinates":[[-51.8508,-22.6392],[-51.8512,-22.6392],[-51.8514,-22.6392],[-51.8628,-22.6396],[-51.8713,-22.6353],[-51.8736,-22.6341],[-51.8737,-22.6341]]}},{"type":"Feature","properties":{"nome":"Rio Paranapanema","classe":"principal","nome_ana":"Rio Paranapanema","dominio":"Federal","area_montante_km2":11701.3},"geometry":{"type":"LineString","coordinates":[[-48.7772,-23.2948],[-48.7878,-23.2827],[-48.8028,-23.2754]]}},{"type":"Feature","properties":{"nome":"Rio Paranapanema","classe":"principal","nome_ana":"Rio Paranapanema","dominio":"Federal","area_montante_km2":12075.8},"geometry":{"type":"LineString","coordinates":[[-48.8621,-23.2836],[-48.869,-23.2829],[-48.8905,-23.2902],[-48.9104,-23.2967],[-48.9266,-23.3015],[-48.9266,-23.3015]]}},{"type":"Feature","properties":{"nome":"Rio Paranapanema","classe":"principal","nome_ana":"Rio Paranapanema","dominio":"Federal","area_montante_km2":101334},"geometry":{"type":"LineString","coordinates":[[-52.9833,-22.578],[-52.9833,-22.5781],[-52.9839,-22.5791],[-52.9869,-22.5848],[-52.9942,-22.5889],[-53.0045,-22.5914],[-53.0164,-22.5985],[-53.0167,-22.5987],[-53.0168,-22.5987]]}},{"type":"Feature","properties":{"nome":"Rio Paranapanema","classe":"principal","nome_ana":"Rio Paranapanema","dominio":"Federal","area_montante_km2":28700.6},"geometry":{"type":"LineString","coordinates":[[-49.917,-23.0096],[-49.917,-23.0095],[-49.9155,-23.0069],[-49.9111,-23.0016],[-49.911,-22.9986],[-49.9127,-22.9949],[-49.9174,-22.9916],[-49.9239,-22.9893],[-49.9338,-22.9836],[-49.9549,-22.9794],[-49.9599,-22.9762],[-49.9697,-22.9646],[-49.9736,-22.9613],[-49.9755,-22.9577],[-49.9747,-22.9534],[-49.9722,-22.9484],[-49.9701,-22.9415],[-49.9672,-22.9363],[-49.9674,-22.931],[-49.9687,-22.9263],[-49.9697,-22.9182],[-49.9716,-22.9133],[-49.9715,-22.9131],[-49.9712,-22.9112],[-49.9712,-22.9111]]}},{"type":"Feature","properties":{"nome":"Rio Paranapanema","classe":"principal","nome_ana":"Rio Paranapanema","dominio":"Federal","area_montante_km2":52180.4},"geometry":{"type":"LineString","coordinates":[[-50.7931,-22.9569],[-50.7933,-22.9567],[-50.8013,-22.9488],[-50.8044,-22.9414],[-50.8009,-22.9309],[-50.7947,-22.9181],[-50.7931,-22.9041],[-50.7908,-22.8897],[-50.7886,-22.8849],[-50.7879,-22.8833],[-50.7873,-22.882]]}},{"type":"Feature","properties":{"nome":"Rio Paranapanema","classe":"principal","nome_ana":"Rio Paranapanema","dominio":"Federal","area_montante_km2":101846},"geometry":{"type":"LineString","coordinates":[[-53.0168,-22.5987],[-53.017,-22.5989],[-53.0174,-22.599],[-53.0225,-22.6015],[-53.0259,-22.6039],[-53.0299,-22.6081],[-53.035,-22.6116],[-53.0379,-22.6173],[-53.041,-22.6199],[-53.0481,-22.6235],[-53.0542,-22.6279],[-53.0601,-22.6313],[-53.0695,-22.6338],[-53.0746,-22.637],[-53.0776,-22.6401],[-53.0777,-22.6402],[-53.0786,-22.6412]]}},{"type":"Feature","properties":{"nome":"Rio Paranapanema","classe":"principal","nome_ana":"Rio Paranapanema","dominio":"Federal","area_montante_km2":11560.8},"geometry":{"type":"LineString","coordinates":[[-48.7386,-23.3171],[-48.7444,-23.3143],[-48.7614,-23.3021]]}},{"type":"Feature","properties":{"nome":"Rio Paranapanema","classe":"principal","nome_ana":"Rio Paranapanema","dominio":"Federal","area_montante_km2":95830.3},"geometry":{"type":"LineString","coordinates":[[-52.0905,-22.5299],[-52.0912,-22.5299],[-52.0913,-22.5299],[-52.0986,-22.5299],[-52.1151,-22.534],[-52.1343,-22.5505],[-52.1344,-22.5505],[-52.1345,-22.5506],[-52.1345,-22.5507]]}},{"type":"Feature","properties":{"nome":"Rio Paranapanema","classe":"principal","nome_ana":"Rio Paranapanema","dominio":"Federal","area_montante_km2":2652.17},"geometry":{"type":"LineString","coordinates":[[-48.4106,-23.7132],[-48.4141,-23.7124],[-48.4165,-23.7095],[-48.4194,-23.711],[-48.4223,-23.7114],[-48.4267,-23.7071],[-48.433,-23.7064],[-48.4334,-23.7064],[-48.4343,-23.7063]]}},{"type":"Feature","properties":{"nome":"Rio Paranapanema","classe":"principal","nome_ana":"Rio Paranapanema","dominio":"Federal","area_montante_km2":100983},"geometry":{"type":"LineString","coordinates":[[-52.8294,-22.5999],[-52.8295,-22.5999],[-52.8403,-22.5992],[-52.8406,-22.5992]]}},{"type":"Feature","properties":{"nome":"Rio Paranapanema","classe":"principal","nome_ana":"Rio Paranapanema","dominio":"Federal","area_montante_km2":5780.58},"geometry":{"type":"LineString","coordinates":[[-48.4791,-23.6086],[-48.4795,-23.6087],[-48.4798,-23.6087],[-48.4872,-23.6099],[-48.4885,-23.6069],[-48.4916,-23.6074],[-48.4946,-23.606],[-48.4976,-23.6029],[-48.499,-23.5962],[-48.499,-23.5962],[-48.4992,-23.5954]]}},{"type":"Feature","properties":{"nome":"Rio Paranapanema","classe":"principal","nome_ana":"Rio Paranapanema","dominio":"Federal","area_montante_km2":18711.7},"geometry":{"type":"LineString","coordinates":[[-49.4055,-23.1526],[-49.4058,-23.1525],[-49.4063,-23.1524],[-49.4099,-23.1515],[-49.4157,-23.1574],[-49.42,-23.161],[-49.4244,-23.1611],[-49.4269,-23.1595],[-49.4325,-23.1558],[-49.429,-23.15],[-49.4312,-23.1464],[-49.4334,-23.1434],[-49.4323,-23.1384],[-49.4345,-23.1358],[-49.4378,-23.1349],[-49.4415,-23.1326],[-49.442,-23.1323]]}},{"type":"Feature","properties":{"nome":"Rio Paranapanema","classe":"principal","nome_ana":"Rio Paranapanema","dominio":"Federal","area_montante_km2":99615.1},"geometry":{"type":"LineString","coordinates":[[-52.5512,-22.5943],[-52.5519,-22.5938],[-52.5664,-22.5819],[-52.5839,-22.5761],[-52.6007,-22.5779],[-52.6021,-22.578]]}},{"type":"Feature","properties":{"nome":"Rio Paranapanema","classe":"principal","nome_ana":"Rio Paranapanema","dominio":"Federal","area_montante_km2":12301.6},"geometry":{"type":"LineString","coordinates":[[-48.9748,-23.2853],[-48.9751,-23.2852],[-48.976,-23.2847],[-48.986,-23.2793],[-48.9871,-23.2788],[-48.988,-23.2783]]}},{"type":"Feature","properties":{"nome":"Rio Paranapanema","classe":"principal","nome_ana":"Rio Paranapanema","dominio":"Federal","area_montante_km2":86036.3},"geometry":{"type":"LineString","coordinates":[[-51.4707,-22.6792],[-51.4712,-22.6795],[-51.4718,-22.68],[-51.4859,-22.69],[-51.4948,-22.6943],[-51.5103,-22.6962],[-51.5104,-22.6962],[-51.5107,-22.6962]]}},{"type":"Feature","properties":{"nome":"Rio Paranapanema","classe":"principal","nome_ana":"Rio Paranapanema","dominio":"Federal","area_montante_km2":86373},"geometry":{"type":"LineString","coordinates":[[-51.5151,-22.6961],[-51.5154,-22.6961],[-51.5293,-22.6958],[-51.5464,-22.699],[-51.5635,-22.6982],[-51.5675,-22.6971],[-51.57,-22.6964]]}},{"type":"Feature","properties":{"nome":"Rio Paranapanema","classe":"principal","nome_ana":"Rio Paranapanema","dominio":"Federal","area_montante_km2":81915.2},"geometry":{"type":"LineString","coordinates":[[-51.1697,-22.7446],[-51.1811,-22.7351],[-51.1969,-22.726],[-51.1984,-22.7251]]}},{"type":"Feature","properties":{"nome":"Rio Paranapanema","classe":"principal","nome_ana":"Rio Paranapanema","dominio":"Federal","area_montante_km2":83576.8},"geometry":{"type":"LineString","coordinates":[[-51.2892,-22.6662],[-51.2898,-22.6662],[-51.2983,-22.6662],[-51.3017,-22.6662],[-51.3026,-22.6662]]}},{"type":"Feature","properties":{"nome":"Rio Paranapanema","classe":"principal","nome_ana":"Rio Paranapanema","dominio":"Federal","area_montante_km2":98357.6},"geometry":{"type":"LineString","coordinates":[[-52.3713,-22.62],[-52.372,-22.6199],[-52.3857,-22.6178],[-52.3956,-22.6134]]}},{"type":"Feature","properties":{"nome":"Rio Paranapanema","classe":"principal","nome_ana":"Rio Paranapanema","dominio":"Federal","area_montante_km2":97577.7},"geometry":{"type":"LineString","coordinates":[[-52.2885,-22.6276],[-52.2885,-22.6276],[-52.2885,-22.6276],[-52.308,-22.6278],[-52.3175,-22.6273],[-52.3178,-22.6273],[-52.3195,-22.6273]]}},{"type":"Feature","properties":{"nome":"Rio Paranapanema","classe":"principal","nome_ana":"Rio Paranapanema","dominio":"Federal","area_montante_km2":99854.2},"geometry":{"type":"LineString","coordinates":[[-52.643,-22.6028],[-52.6431,-22.6028],[-52.6434,-22.603],[-52.6522,-22.6075],[-52.6637,-22.6134],[-52.6662,-22.6147],[-52.6668,-22.615],[-52.6673,-22.6153]]}},{"type":"Feature","properties":{"nome":"Rio Paranapanema","classe":"principal","nome_ana":"Rio Paranapanema","dominio":"Federal","area_montante_km2":56219.5},"geometry":{"type":"LineString","coordinates":[[-50.9715,-22.7827],[-50.9802,-22.7939],[-50.994,-22.8031],[-50.995,-22.8037],[-50.9954,-22.804]]}},{"type":"Feature","properties":{"nome":"Rio Paranapanema","classe":"principal","nome_ana":"Rio Paranapanema","dominio":"Federal","area_montante_km2":41444.9},"geometry":{"type":"LineString","coordinates":[[-50.486,-22.9362],[-50.4862,-22.9362],[-50.4916,-22.9368],[-50.5,-22.9427],[-50.5055,-22.9442],[-50.5124,-22.9442],[-50.5194,-22.9398],[-50.5195,-22.9397]]}},{"type":"Feature","properties":{"nome":"Rio Paranapanema","classe":"principal","nome_ana":"Rio Paranapanema","dominio":"Federal","area_montante_km2":100193},"geometry":{"type":"LineString","coordinates":[[-52.6904,-22.6203],[-52.7211,-22.6194],[-52.7494,-22.6089],[-52.7602,-22.6068],[-52.7618,-22.6065],[-52.7623,-22.6064]]}},{"type":"Feature","properties":{"nome":"Rio Paranapanema","classe":"principal","nome_ana":"Rio Paranapanema","dominio":"Federal","area_montante_km2":98601.9},"geometry":{"type":"LineString","coordinates":[[-52.3956,-22.6134],[-52.3965,-22.6131],[-52.3967,-22.613],[-52.3976,-22.6125],[-52.4059,-22.6089],[-52.419,-22.6062],[-52.4193,-22.6061]]}},{"type":"Feature","properties":{"nome":"Rio Paranapanema","classe":"principal","nome_ana":"Rio Paranapanema","dominio":"Federal","area_montante_km2":51167.7},"geometry":{"type":"LineString","coordinates":[[-50.5462,-22.9127],[-50.5464,-22.9127],[-50.5476,-22.9127],[-50.5521,-22.9127],[-50.5664,-22.908],[-50.5715,-22.9037],[-50.5804,-22.9049],[-50.5901,-22.9107],[-50.5963,-22.9181],[-50.601,-22.9224],[-50.6087,-22.9231],[-50.6173,-22.9177],[-50.6306,-22.9132],[-50.6312,-22.913],[-50.6332,-22.9123]]}},{"type":"Feature","properties":{"nome":"Rio Paranapanema","classe":"principal","nome_ana":"Rio Paranapanema","dominio":"Federal","area_montante_km2":52796.1},"geometry":{"type":"LineString","coordinates":[[-50.8972,-22.7853],[-50.8972,-22.7854],[-50.8977,-22.7857],[-50.9108,-22.7943],[-50.9236,-22.7974],[-50.9403,-22.797],[-50.9573,-22.7935],[-50.9688,-22.7848],[-50.9712,-22.783],[-50.9715,-22.7827]]}},{"type":"Feature","properties":{"nome":"Rio Paranapanema","classe":"principal","nome_ana":"Rio Paranapanema","dominio":"Federal","area_montante_km2":87441.7},"geometry":{"type":"LineString","coordinates":[[-51.6464,-22.6599],[-51.6724,-22.663],[-51.6933,-22.67],[-51.7054,-22.6759],[-51.7166,-22.6759],[-51.7223,-22.6723],[-51.7235,-22.6715],[-51.724,-22.6712],[-51.724,-22.6712]]}},{"type":"Feature","properties":{"nome":"Rio Paranapanema","classe":"principal","nome_ana":"Rio Paranapanema","dominio":"Federal","area_montante_km2":9670.23},"geometry":{"type":"LineString","coordinates":[[-48.6169,-23.4787],[-48.6173,-23.4784],[-48.6222,-23.475],[-48.6262,-23.4738],[-48.6335,-23.4714],[-48.6408,-23.4637],[-48.6415,-23.4545],[-48.6415,-23.4542],[-48.6416,-23.4523]]}},{"type":"Feature","properties":{"nome":"Rio Paranapanema","classe":"principal","nome_ana":"Rio Paranapanema","dominio":"Federal","area_montante_km2":99405.5},"geometry":{"type":"LineString","coordinates":[[-52.532,-22.6079],[-52.5512,-22.5944],[-52.5512,-22.5943]]}},{"type":"Feature","properties":{"nome":"Rio Paranapanema","classe":"principal","nome_ana":"Rio Paranapanema","dominio":"Federal","area_montante_km2":99794},"geometry":{"type":"LineString","coordinates":[[-52.6021,-22.578],[-52.6026,-22.5783],[-52.613,-22.5839],[-52.6328,-22.5974],[-52.6427,-22.6026],[-52.643,-22.6028]]}},{"type":"Feature","properties":{"nome":"Rio Paranapanema","classe":"principal","nome_ana":"Rio Paranapanema","dominio":"Federal","area_montante_km2":39074.6},"geometry":{"type":"LineString","coordinates":[[-50.0749,-22.9293],[-50.0754,-22.9292],[-50.0903,-22.9253],[-50.0963,-22.9259],[-50.1009,-22.9279],[-50.1127,-22.9383],[-50.1189,-22.942],[-50.1316,-22.943],[-50.1371,-22.941],[-50.1377,-22.9408]]}},{"type":"Feature","properties":{"nome":"Rio Paranapanema","classe":"principal","nome_ana":"Rio Paranapanema","dominio":"Federal","area_montante_km2":28266.2},"geometry":{"type":"LineString","coordinates":[[-49.795,-23.096],[-49.7983,-23.0944],[-49.8072,-23.0919],[-49.8131,-23.0869],[-49.8179,-23.081],[-49.8246,-23.077],[-49.8318,-23.0736],[-49.8353,-23.0695],[-49.8389,-23.0688],[-49.8493,-23.0719],[-49.857,-23.0721],[-49.8701,-23.0709],[-49.8751,-23.0684],[-49.8792,-23.0642],[-49.8822,-23.0606],[-49.8848,-23.061],[-49.8892,-23.0631],[-49.897,-23.0572],[-49.9091,-23.0544],[-49.9154,-23.052],[-49.9154,-23.052],[-49.9156,-23.0519],[-49.916,-23.0518]]}},{"type":"Feature","properties":{"nome":"Rio Paranapanema","classe":"principal","nome_ana":"Rio Paranapanema","dominio":"Federal","area_montante_km2":101248},"geometry":{"type":"LineString","coordinates":[[-52.9001,-22.5778],[-52.9006,-22.5775],[-52.92,-22.566],[-52.9262,-22.5656],[-52.9414,-22.5656],[-52.9554,-22.5672],[-52.9701,-22.5703],[-52.9833,-22.578]]}},{"type":"Feature","properties":{"nome":"Rio Paranapanema","classe":"principal","nome_ana":"Rio Paranapanema","dominio":"Federal","area_montante_km2":2452.17},"geometry":{"type":"LineString","coordinates":[[-48.3552,-23.8031],[-48.3588,-23.8011],[-48.3682,-23.8007],[-48.3703,-23.799],[-48.3718,-23.793],[-48.3751,-23.7903],[-48.3792,-23.7897],[-48.3832,-23.7873],[-48.3836,-23.783],[-48.3822,-23.7811],[-48.3766,-23.7807],[-48.3743,-23.7784],[-48.3767,-23.7758],[-48.3832,-23.7759],[-48.3893,-23.778],[-48.3915,-23.7781],[-48.3937,-23.7782],[-48.394,-23.7783]]}},{"type":"Feature","properties":{"nome":"Rio Paranapanema","classe":"principal","nome_ana":"Rio Paranapanema","dominio":"Federal","area_montante_km2":97752.3},"geometry":{"type":"LineString","coordinates":[[-52.3616,-22.6215],[-52.362,-22.6214],[-52.3683,-22.6205],[-52.37,-22.6202],[-52.3713,-22.62]]}},{"type":"Feature","properties":{"nome":"Rio Paranapanema","classe":"principal","nome_ana":"Rio Paranapanema","dominio":"Federal","area_montante_km2":98804},"geometry":{"type":"LineString","coordinates":[[-52.4493,-22.6081],[-52.4773,-22.6163],[-52.4773,-22.6163]]}},{"type":"Feature","properties":{"nome":"Rio Paranapanema","classe":"principal","nome_ana":"Rio Paranapanema","dominio":"Federal","area_montante_km2":28432.3},"geometry":{"type":"LineString","coordinates":[[-49.916,-23.0518],[-49.9177,-23.0439],[-49.9178,-23.0391],[-49.9215,-23.0305],[-49.9193,-23.0253],[-49.9193,-23.0227],[-49.917,-23.0166],[-49.917,-23.0115],[-49.917,-23.0096]]}},{"type":"Feature","properties":{"nome":"Rio Paranapanema","classe":"principal","nome_ana":"Rio Paranapanema","dominio":"Federal","area_montante_km2":27881.9},"geometry":{"type":"LineString","coordinates":[[-49.7173,-23.1553],[-49.7173,-23.1553],[-49.7175,-23.1552],[-49.7179,-23.1549],[-49.7239,-23.1505],[-49.7317,-23.145],[-49.7329,-23.138],[-49.7329,-23.1298],[-49.7317,-23.1215],[-49.7317,-23.1149],[-49.7329,-23.1102],[-49.7392,-23.104],[-49.7486,-23.1028],[-49.7547,-23.1066],[-49.7552,-23.1069]]}},{"type":"Feature","properties":{"nome":"Rio Paranapanema","classe":"principal","nome_ana":"Rio Paranapanema","dominio":"Federal","area_montante_km2":1531.87},"geometry":{"type":"LineString","coordinates":[[-48.2775,-23.8414],[-48.2775,-23.8414],[-48.28,-23.8367],[-48.2836,-23.8334],[-48.2841,-23.8329]]}},{"type":"Feature","properties":{"nome":"Rio Paranapanema","classe":"principal","nome_ana":"Rio Paranapanema","dominio":"Federal","area_montante_km2":81359.3},"geometry":{"type":"LineString","coordinates":[[-51.0074,-22.7931],[-51.0075,-22.7931],[-51.008,-22.7928],[-51.0086,-22.7926],[-51.0427,-22.7783],[-51.0754,-22.7655],[-51.0964,-22.7632],[-51.0983,-22.7629],[-51.0984,-22.7629]]}},{"type":"Feature","properties":{"nome":"Rio Paranapanema","classe":"principal","nome_ana":"Rio Paranapanema","dominio":"Federal","area_montante_km2":85746.9},"geometry":{"type":"LineString","coordinates":[[-51.4474,-22.657],[-51.4484,-22.6576],[-51.4614,-22.6652],[-51.4703,-22.6786],[-51.4707,-22.6792]]}},{"type":"Feature","properties":{"nome":"Rio Paranapanema","classe":"principal","nome_ana":"Rio Paranapanema","dominio":"Federal","area_montante_km2":88529.1},"geometry":{"type":"LineString","coordinates":[[-51.8281,-22.6295],[-51.8283,-22.6296],[-51.8368,-22.6318],[-51.8508,-22.6392]]}},{"type":"Feature","properties":{"nome":"Rio Paranapanema","classe":"principal","nome_ana":"Rio Paranapanema","dominio":"Federal","area_montante_km2":17745.9},"geometry":{"type":"LineString","coordinates":[[-49.1919,-23.2592],[-49.1924,-23.2589],[-49.2071,-23.2509],[-49.2133,-23.2376],[-49.2137,-23.2368],[-49.214,-23.2363]]}},{"type":"Feature","properties":{"nome":"Rio Paranapanema","classe":"principal","nome_ana":"Rio Paranapanema","dominio":"Federal","area_montante_km2":52047.5},"geometry":{"type":"LineString","coordinates":[[-50.6445,-22.9049],[-50.6452,-22.9045],[-50.6453,-22.9044],[-50.6584,-22.8975],[-50.6689,-22.8995],[-50.6802,-22.9057],[-50.6895,-22.9165],[-50.698,-22.9328],[-50.7015,-22.946],[-50.7081,-22.9557],[-50.7159,-22.96],[-50.7268,-22.9616],[-50.7372,-22.9627],[-50.7535,-22.9573],[-50.764,-22.9499],[-50.7745,-22.9476],[-50.7803,-22.948],[-50.7904,-22.9503],[-50.7922,-22.9547],[-50.7926,-22.9556],[-50.793,-22.9565],[-50.7931,-22.9569]]}},{"type":"Feature","properties":{"nome":"Rio Paranapanema","classe":"principal","nome_ana":"Rio Paranapanema","dominio":"Federal","area_montante_km2":41183.4},"geometry":{"type":"LineString","coordinates":[[-50.3997,-22.9077],[-50.4,-22.9077],[-50.4012,-22.9079],[-50.4053,-22.9086],[-50.4137,-22.9107],[-50.4165,-22.9121],[-50.4196,-22.9155],[-50.4199,-22.9207],[-50.419,-22.9298],[-50.4232,-22.9388],[-50.4264,-22.9427],[-50.4296,-22.9444],[-50.4301,-22.9446]]}},{"type":"Feature","properties":{"nome":"Rio Paranapanema","classe":"principal","nome_ana":"Rio Paranapanema","dominio":"Federal","area_montante_km2":17934.6},"geometry":{"type":"LineString","coordinates":[[-49.214,-23.2363],[-49.2172,-23.2273],[-49.2221,-23.2192],[-49.2306,-23.2119],[-49.2394,-23.2034],[-49.2399,-23.1988],[-49.2408,-23.1892],[-49.2408,-23.1891],[-49.2421,-23.1881],[-49.2425,-23.1877],[-49.2427,-23.1876]]}},{"type":"Feature","properties":{"nome":"Rio Paranapanema","classe":"principal","nome_ana":"Rio Paranapanema","dominio":"Federal","area_montante_km2":87721.9},"geometry":{"type":"LineString","coordinates":[[-51.724,-22.6712],[-51.7291,-22.6549],[-51.736,-22.632],[-51.7469,-22.6219],[-51.7507,-22.6188],[-51.7514,-22.6182]]}},{"type":"Feature","properties":{"nome":"Rio Paranapanema","classe":"principal","nome_ana":"Rio Paranapanema","dominio":"Federal","area_montante_km2":11894.7},"geometry":{"type":"LineString","coordinates":[[-48.8113,-23.2774],[-48.8263,-23.2839],[-48.8364,-23.2863],[-48.8586,-23.284],[-48.8612,-23.2837],[-48.8612,-23.2837],[-48.8621,-23.2836]]}},{"type":"Feature","properties":{"nome":"Rio Paranapanema","classe":"principal","nome_ana":"Rio Paranapanema","dominio":"Federal","area_montante_km2":52420.4},"geometry":{"type":"LineString","coordinates":[[-50.7873,-22.882],[-50.8028,-22.8793],[-50.8184,-22.8731],[-50.8308,-22.8575],[-50.8405,-22.8416],[-50.8568,-22.8273],[-50.8743,-22.8106],[-50.8851,-22.7981],[-50.8948,-22.7878],[-50.8971,-22.7854],[-50.8972,-22.7853]]}},{"type":"Feature","properties":{"nome":"Rio Novo","classe":"afluente","nome_ana":"Rio Novo","dominio":"Estadual","area_montante_km2":761.861},"geometry":{"type":"LineString","coordinates":[[-49.1041,-22.9258],[-49.1092,-22.9259],[-49.1142,-22.9235],[-49.121,-22.9224],[-49.1245,-22.9193],[-49.1345,-22.9165],[-49.1367,-22.9141],[-49.1421,-22.9118],[-49.143,-22.9114],[-49.1432,-22.9113],[-49.1434,-22.9112]]}},{"type":"Feature","properties":{"nome":"Rio Novo","classe":"afluente","nome_ana":"Rio Novo","dominio":"Estadual","area_montante_km2":164.153},"geometry":{"type":"LineString","coordinates":[[-49.9406,-22.4899],[-49.9407,-22.4902],[-49.9407,-22.4903],[-49.9422,-22.4964],[-49.9454,-22.5029],[-49.9541,-22.5122],[-49.9587,-22.5182],[-49.9654,-22.5235],[-49.9727,-22.5264],[-49.9801,-22.5303],[-49.981,-22.5312],[-49.9826,-22.5327],[-49.9828,-22.5329],[-49.9832,-22.5333]]}},{"type":"Feature","properties":{"nome":"Rio Novo","classe":"afluente","nome_ana":"Rio Novo","dominio":"Estadual","area_montante_km2":960.802},"geometry":{"type":"LineString","coordinates":[[-49.9872,-22.8015],[-49.9872,-22.8017],[-49.9872,-22.802],[-49.9865,-22.8098],[-49.9881,-22.8167],[-49.9925,-22.8234],[-49.9932,-22.8245]]}},{"type":"Feature","properties":{"nome":"Rio Novo","classe":"afluente","nome_ana":"Rio Novo","dominio":"Estadual","area_montante_km2":239.226},"geometry":{"type":"LineString","coordinates":[[-48.7725,-23.0567],[-48.7731,-23.057],[-48.7736,-23.0573],[-48.7743,-23.0577],[-48.7748,-23.058],[-48.7789,-23.0585],[-48.7814,-23.0574],[-48.7845,-23.0543],[-48.7862,-23.0497],[-48.7876,-23.0475],[-48.7968,-23.0429],[-48.7995,-23.0408],[-48.8079,-23.031],[-48.8154,-23.027],[-48.8229,-23.0247],[-48.8304,-23.0232],[-48.8359,-23.0197],[-48.8364,-23.0183],[-48.8369,-23.0167]]}},{"type":"Feature","properties":{"nome":"Rio Novo","classe":"afluente","nome_ana":"Rio Novo","dominio":"Estadual","area_montante_km2":687.639},"geometry":{"type":"LineString","coordinates":[[-49.0379,-22.9584],[-49.0435,-22.9527],[-49.051,-22.9497],[-49.0579,-22.9444],[-49.0597,-22.9397],[-49.0621,-22.9376],[-49.0667,-22.9353],[-49.0674,-22.9349],[-49.0679,-22.9346],[-49.0696,-22.9338]]}},{"type":"Feature","properties":{"nome":"Rio Novo","classe":"afluente","nome_ana":"Rio Novo","dominio":"Estadual","area_montante_km2":110.873},"geometry":{"type":"LineString","coordinates":[[-48.5615,-23.1093],[-48.5658,-23.1093],[-48.5764,-23.1072],[-48.5839,-23.1074],[-48.5969,-23.1104],[-48.6039,-23.109],[-48.6071,-23.1065],[-48.6092,-23.1039],[-48.6148,-23.1011],[-48.628,-23.0971],[-48.6303,-23.0959],[-48.6352,-23.0911],[-48.6421,-23.0891],[-48.6521,-23.0844],[-48.6649,-23.0817],[-48.6737,-23.0775],[-48.6843,-23.0765],[-48.6966,-23.0683],[-48.7,-23.0672],[-48.7044,-23.0681],[-48.709,-23.0695],[-48.7126,-23.0674],[-48.7207,-23.0599],[-48.725,-23.0589],[-48.7288,-23.0571],[-48.7335,-23.0567],[-48.7431,-23.0586],[-48.7652,-23.0537],[-48.768,-23.0537],[-48.771,-23.0548],[-48.7725,-23.0567]]}},{"type":"Feature","properties":{"nome":"Rio Novo","classe":"afluente","nome_ana":"Rio Novo","dominio":"Estadual","area_montante_km2":38.1343},"geometry":{"type":"LineString","coordinates":[[-49.8754,-22.4113],[-49.8779,-22.421],[-49.8803,-22.4337],[-49.8863,-22.4428],[-49.8929,-22.4481],[-49.8949,-22.4509],[-49.9044,-22.4586],[-49.9109,-22.4621],[-49.9209,-22.4663],[-49.9217,-22.4666],[-49.9217,-22.4666]]}},{"type":"Feature","properties":{"nome":"Rio Novo","classe":"afluente","nome_ana":"Rio Novo","dominio":"Estadual","area_montante_km2":937.604},"geometry":{"type":"LineString","coordinates":[[-49.1768,-22.9099],[-49.1848,-22.9064],[-49.1868,-22.905],[-49.2029,-22.888],[-49.2061,-22.881],[-49.2097,-22.8786],[-49.2097,-22.8714],[-49.211,-22.8707],[-49.2131,-22.8695],[-49.2132,-22.8695]]}},{"type":"Feature","properties":{"nome":"Rio Novo","classe":"afluente","nome_ana":"Rio Novo","dominio":"Estadual","area_montante_km2":1101.31},"geometry":{"type":"LineString","coordinates":[[-49.9859,-22.8914],[-49.9895,-22.9003],[-49.9895,-22.9005],[-49.9897,-22.9009]]}},{"type":"Feature","properties":{"nome":"Rio Novo","classe":"afluente","nome_ana":"Rio Novo","dominio":"Estadual","area_montante_km2":717.685},"geometry":{"type":"LineString","coordinates":[[-50.0204,-22.6675],[-50.0205,-22.6679],[-50.021,-22.6707],[-50.0234,-22.6756],[-50.0302,-22.6831],[-50.0311,-22.6865],[-50.0325,-22.689],[-50.0401,-22.6912],[-50.0436,-22.6935],[-50.0434,-22.7004],[-50.0453,-22.7051],[-50.0435,-22.7096],[-50.0399,-22.7119],[-50.0374,-22.7144],[-50.0365,-22.7217],[-50.0333,-22.7233],[-50.0284,-22.7238],[-50.0259,-22.7251],[-50.0237,-22.7272],[-50.0218,-22.732],[-50.0222,-22.7396],[-50.0251,-22.7447],[-50.027,-22.7481],[-50.0273,-22.7486]]}},{"type":"Feature","properties":{"nome":"Rio Novo","classe":"afluente","nome_ana":"Rio Novo","dominio":"Estadual","area_montante_km2":807.846},"geometry":{"type":"LineString","coordinates":[[-49.1434,-22.9112],[-49.1573,-22.9097],[-49.1616,-22.9102],[-49.1654,-22.9081],[-49.1715,-22.9109],[-49.1752,-22.9102],[-49.1761,-22.9101],[-49.1768,-22.9099],[-49.1768,-22.9099]]}},{"type":"Feature","properties":{"nome":"Rio Novo","classe":"afluente","nome_ana":"Rio Novo","dominio":"Estadual","area_montante_km2":293.453},"geometry":{"type":"LineString","coordinates":[[-49.9832,-22.5333],[-49.9833,-22.5334],[-49.9863,-22.5363],[-49.989,-22.5409],[-49.9966,-22.5605],[-50.0003,-22.5675],[-50.007,-22.5773],[-50.0072,-22.5776]]}},{"type":"Feature","properties":{"nome":"Rio Novo","classe":"afluente","nome_ana":"Rio Novo","dominio":"Estadual","area_montante_km2":420.88},"geometry":{"type":"LineString","coordinates":[[-48.9374,-22.9529],[-48.9379,-22.9532],[-48.938,-22.9532],[-48.9418,-22.955],[-48.949,-22.9558],[-48.949,-22.9583],[-48.9498,-22.9605],[-48.956,-22.9596],[-48.9605,-22.9584],[-48.965,-22.9579],[-48.9692,-22.9583],[-48.9739,-22.9594],[-48.9787,-22.9587],[-48.9964,-22.9609],[-48.9986,-22.9611]]}},{"type":"Feature","properties":{"nome":"Rio Novo","classe":"afluente","nome_ana":"Rio Novo","dominio":"Estadual","area_montante_km2":876.865},"geometry":{"type":"LineString","coordinates":[[-50.0126,-22.783],[-50.0124,-22.7837],[-50.0121,-22.7845],[-50.0114,-22.787],[-50.0062,-22.7892],[-50.0029,-22.7946],[-50.0007,-22.7969],[-49.9921,-22.8006],[-49.9884,-22.8013],[-49.988,-22.8013],[-49.9876,-22.8014],[-49.9872,-22.8015]]}},{"type":"Feature","properties":{"nome":"Rio Novo","classe":"afluente","nome_ana":"Rio Novo","dominio":"Estadual","area_montante_km2":621.215},"geometry":{"type":"LineString","coordinates":[[-48.9986,-22.9611],[-48.9988,-22.9612],[-48.9995,-22.9615],[-49.0048,-22.9641],[-49.0073,-22.9647],[-49.0135,-22.9645],[-49.0342,-22.9593],[-49.0366,-22.9587],[-49.0368,-22.9586],[-49.0379,-22.9584]]}},{"type":"Feature","properties":{"nome":"Rio Novo","classe":"afluente","nome_ana":"Rio Novo","dominio":"Estadual","area_montante_km2":1046.29},"geometry":{"type":"LineString","coordinates":[[-49.9932,-22.8245],[-49.9933,-22.8246],[-49.9971,-22.8278],[-49.9997,-22.8319],[-49.9987,-22.8346],[-49.995,-22.8355],[-49.9939,-22.8385],[-49.9954,-22.8425],[-50.0005,-22.8483],[-50.0009,-22.8505],[-50.0001,-22.8544],[-49.9948,-22.8599],[-49.9908,-22.8626],[-49.9888,-22.8663],[-49.9853,-22.8727],[-49.9873,-22.8785],[-49.9915,-22.8828],[-49.9931,-22.8859],[-49.9867,-22.8908],[-49.9864,-22.8911],[-49.9862,-22.8912],[-49.9859,-22.8914]]}},{"type":"Feature","properties":{"nome":"Rio Novo","classe":"afluente","nome_ana":"Rio Novo","dominio":"Estadual","area_montante_km2":538.587},"geometry":{"type":"LineString","coordinates":[[-50.0072,-22.5776],[-50.0072,-22.5778],[-50.0074,-22.579],[-50.0078,-22.5817],[-50.0059,-22.5905],[-50.0066,-22.5974],[-50.0092,-22.6049],[-50.0145,-22.6152],[-50.0219,-22.6252],[-50.0223,-22.6301],[-50.0246,-22.6358],[-50.0244,-22.6427],[-50.0209,-22.6591],[-50.0204,-22.6666],[-50.0204,-22.6675]]}},{"type":"Feature","properties":{"nome":"Rio Novo","classe":"afluente","nome_ana":"Rio Novo","dominio":"Estadual","area_montante_km2":378.413},"geometry":{"type":"LineString","coordinates":[[-48.8369,-23.0167],[-48.8368,-23.0161],[-48.8354,-23.0109],[-48.8369,-23.0062],[-48.8472,-22.9987],[-48.8517,-22.9944],[-48.8605,-22.9902],[-48.8655,-22.9859],[-48.8701,-22.98],[-48.8761,-22.9674],[-48.8805,-22.9625],[-48.8826,-22.9564],[-48.885,-22.9538],[-48.8884,-22.9528],[-48.8959,-22.9538],[-48.8996,-22.9534],[-48.9096,-22.9486],[-48.9171,-22.9477],[-48.9236,-22.9481],[-48.937,-22.9528],[-48.9374,-22.9529]]}},{"type":"Feature","properties":{"nome":"Rio Novo","classe":"afluente","nome_ana":"Rio Novo","dominio":"Estadual","area_montante_km2":810.723},"geometry":{"type":"LineString","coordinates":[[-50.0273,-22.7486],[-50.0272,-22.7491],[-50.0268,-22.7516],[-50.0268,-22.7542],[-50.025,-22.7622],[-50.0267,-22.7703],[-50.0258,-22.7761],[-50.0235,-22.7782],[-50.0162,-22.781],[-50.0129,-22.7829],[-50.0126,-22.783]]}},{"type":"Feature","properties":{"nome":"Rio Novo","classe":"afluente","nome_ana":"Rio Novo","dominio":"Estadual","area_montante_km2":89.7056},"geometry":{"type":"LineString","coordinates":[[-49.9217,-22.4666],[-49.9221,-22.4671],[-49.9303,-22.4765],[-49.9367,-22.4838],[-49.9393,-22.4879],[-49.9403,-22.4895],[-49.9406,-22.4899]]}},{"type":"Feature","properties":{"nome":"Rio Novo","classe":"afluente","nome_ana":"Rio Novo","dominio":"Estadual","area_montante_km2":718.735},"geometry":{"type":"LineString","coordinates":[[-49.0696,-22.9338],[-49.0726,-22.9323],[-49.0849,-22.9293],[-49.0912,-22.9257],[-49.1024,-22.9258],[-49.1037,-22.9258],[-49.1041,-22.9258]]}},{"type":"Feature","properties":{"nome":"Rio Pirapó","classe":"afluente","nome_ana":"Rio Pirapó","dominio":"Estadual","area_montante_km2":1633.48},"geometry":{"type":"LineString","coordinates":[[-51.9384,-23.2604],[-51.9384,-23.2604],[-51.9474,-23.2605],[-51.9492,-23.2585],[-51.9517,-23.2537],[-51.9601,-23.2538],[-51.9639,-23.2512],[-51.9645,-23.2509],[-51.9645,-23.2509]]}},{"type":"Feature","properties":{"nome":"Rio Pirapó","classe":"afluente","nome_ana":"Rio Pirapó","dominio":"Estadual","area_montante_km2":872.255},"geometry":{"type":"LineString","coordinates":[[-51.759,-23.3471],[-51.7591,-23.347],[-51.7595,-23.3468],[-51.7635,-23.344],[-51.7658,-23.3379],[-51.766,-23.3373],[-51.7662,-23.3367]]}},{"type":"Feature","properties":{"nome":"Rio Pirapó","classe":"afluente","nome_ana":"Rio Pirapó","dominio":"Estadual","area_montante_km2":517.108},"geometry":{"type":"LineString","coordinates":[[-51.6221,-23.4234],[-51.6229,-23.4231],[-51.6238,-23.4228],[-51.6276,-23.4214],[-51.628,-23.4179],[-51.6264,-23.4096],[-51.6278,-23.4057],[-51.6368,-23.3995],[-51.6396,-23.396],[-51.6448,-23.394],[-51.6511,-23.3888],[-51.6533,-23.3903],[-51.6556,-23.3965],[-51.6584,-23.4006],[-51.6603,-23.402],[-51.6609,-23.4025]]}},{"type":"Feature","properties":{"nome":"Rio Pirapó","classe":"afluente","nome_ana":"Rio Pirapó","dominio":"Estadual","area_montante_km2":1381.28},"geometry":{"type":"LineString","coordinates":[[-51.8937,-23.3035],[-51.896,-23.3013],[-51.8978,-23.2968],[-51.9021,-23.2915],[-51.9057,-23.2891],[-51.9131,-23.289],[-51.914,-23.2888],[-51.9144,-23.2887],[-51.9165,-23.2883]]}},{"type":"Feature","properties":{"nome":"Rio Pirapó","classe":"afluente","nome_ana":"Rio Pirapó","dominio":"Estadual","area_montante_km2":1790.6},"geometry":{"type":"LineString","coordinates":[[-51.9645,-23.2509],[-51.9645,-23.2505],[-51.9645,-23.2505],[-51.9645,-23.2503],[-51.9649,-23.2453],[-51.9676,-23.2429],[-51.9684,-23.2412],[-51.9687,-23.2407],[-51.9687,-23.2406]]}},{"type":"Feature","properties":{"nome":"Rio Pirapó","classe":"afluente","nome_ana":"Rio Pirapó","dominio":"Estadual","area_montante_km2":5003.22},"geometry":{"type":"LineString","coordinates":[[-52.0163,-22.6395],[-52.0162,-22.6389],[-52.0161,-22.6387],[-52.0157,-22.637],[-52.0121,-22.6355],[-52.0124,-22.6319],[-52.0077,-22.627],[-52.0086,-22.6241],[-52.0077,-22.6214],[-52.005,-22.6214],[-52.0033,-22.6216],[-52.002,-22.6217],[-52.001,-22.6218]]}},{"type":"Feature","properties":{"nome":"Rio Pirapó","classe":"afluente","nome_ana":"Rio Pirapó","dominio":"Estadual","area_montante_km2":2356.94},"geometry":{"type":"LineString","coordinates":[[-52.0171,-23.0959],[-52.0168,-23.0956],[-52.0129,-23.0899],[-52.0078,-23.0772],[-52.0077,-23.0768],[-52.0076,-23.0766]]}},{"type":"Feature","properties":{"nome":"Rio Pirapó","classe":"afluente","nome_ana":"Rio Pirapó","dominio":"Estadual","area_montante_km2":1477.51},"geometry":{"type":"LineString","coordinates":[[-51.9165,-23.2883],[-51.9369,-23.2707],[-51.9382,-23.2706],[-51.9387,-23.2706],[-51.9398,-23.2705]]}},{"type":"Feature","properties":{"nome":"Rio Pirapó","classe":"afluente","nome_ana":"Rio Pirapó","dominio":"Estadual","area_montante_km2":1354.99},"geometry":{"type":"LineString","coordinates":[[-51.8678,-23.288],[-51.8681,-23.2879],[-51.8687,-23.2876],[-51.8725,-23.2861],[-51.8753,-23.2876],[-51.8771,-23.2899],[-51.878,-23.2933],[-51.8794,-23.2955],[-51.8823,-23.2964],[-51.8886,-23.303],[-51.8914,-23.3032],[-51.8928,-23.3034],[-51.8937,-23.3035]]}},{"type":"Feature","properties":{"nome":"Rio Pirapó","classe":"afluente","nome_ana":"Rio Pirapó","dominio":"Estadual","area_montante_km2":676.88},"geometry":{"type":"LineString","coordinates":[[-51.6712,-23.3831],[-51.6712,-23.3826],[-51.6712,-23.382],[-51.6711,-23.3806],[-51.6728,-23.3772],[-51.6767,-23.3779],[-51.6798,-23.3805],[-51.6829,-23.3817],[-51.686,-23.3801],[-51.6902,-23.3763],[-51.6916,-23.3751],[-51.6921,-23.3747],[-51.6921,-23.3747]]}},{"type":"Feature","properties":{"nome":"Rio Pirapó","classe":"afluente","nome_ana":"Rio Pirapó","dominio":"Estadual","area_montante_km2":859.424},"geometry":{"type":"LineString","coordinates":[[-51.7368,-23.3467],[-51.737,-23.3468],[-51.7415,-23.3474],[-51.7451,-23.3443],[-51.7503,-23.3441],[-51.755,-23.3463],[-51.7567,-23.3467],[-51.7584,-23.347],[-51.759,-23.3471]]}},{"type":"Feature","properties":{"nome":"Rio Pirapó","classe":"afluente","nome_ana":"Rio Pirapó","dominio":"Estadual","area_montante_km2":76.5885},"geometry":{"type":"LineString","coordinates":[[-51.4976,-23.4939],[-51.4979,-23.4937],[-51.4987,-23.4933],[-51.5004,-23.4925],[-51.5014,-23.4919],[-51.5015,-23.4919]]}},{"type":"Feature","properties":{"nome":"Rio Pirapó","classe":"afluente","nome_ana":"Rio Pirapó","dominio":"Estadual","area_montante_km2":4964.71},"geometry":{"type":"LineString","coordinates":[[-52.0352,-22.6723],[-52.0347,-22.6666],[-52.0337,-22.6646],[-52.0312,-22.6614],[-52.0332,-22.6559],[-52.0329,-22.6538],[-52.0304,-22.6515],[-52.0274,-22.6511],[-52.0222,-22.6537],[-52.0202,-22.6529],[-52.0188,-22.6524],[-52.0186,-22.6523]]}},{"type":"Feature","properties":{"nome":"Rio Pirapó","classe":"afluente","nome_ana":"Rio Pirapó","dominio":"Estadual","area_montante_km2":198.728},"geometry":{"type":"LineString","coordinates":[[-51.5258,-23.4625],[-51.5311,-23.4609],[-51.5328,-23.459],[-51.534,-23.4515],[-51.5355,-23.4489],[-51.5397,-23.4495],[-51.5432,-23.4454],[-51.5513,-23.4467],[-51.5549,-23.4454],[-51.5564,-23.4434],[-51.5587,-23.4354],[-51.5654,-23.4371],[-51.5741,-23.4375],[-51.5778,-23.4364],[-51.5802,-23.4337],[-51.5803,-23.4336],[-51.5803,-23.4335]]}},{"type":"Feature","properties":{"nome":"Rio Pirapó","classe":"afluente","nome_ana":"Rio Pirapó","dominio":"Estadual","area_montante_km2":25.0796},"geometry":{"type":"LineString","coordinates":[[-51.4835,-23.5526],[-51.4891,-23.5447],[-51.4912,-23.5378],[-51.4915,-23.5298],[-51.4899,-23.5244],[-51.4896,-23.5171],[-51.4961,-23.509],[-51.4968,-23.5082]]}},{"type":"Feature","properties":{"nome":"Rio Pirapó","classe":"afluente","nome_ana":"Rio Pirapó","dominio":"Estadual","area_montante_km2":2209.44},"geometry":{"type":"LineString","coordinates":[[-51.9894,-23.1136],[-51.9899,-23.1136],[-51.9962,-23.1135],[-52.0037,-23.1113],[-52.0077,-23.1078],[-52.0111,-23.1006],[-52.0149,-23.0985],[-52.0169,-23.0962],[-52.0171,-23.0959]]}},{"type":"Feature","properties":{"nome":"Rio Pirapó","classe":"afluente","nome_ana":"Rio Pirapó","dominio":"Estadual","area_montante_km2":119.812},"geometry":{"type":"LineString","coordinates":[[-51.5015,-23.4919],[-51.5054,-23.4899],[-51.5088,-23.4863],[-51.5113,-23.4769],[-51.5159,-23.4736],[-51.517,-23.4684],[-51.5187,-23.4657],[-51.5241,-23.4632],[-51.5252,-23.4627],[-51.5258,-23.4625]]}},{"type":"Feature","properties":{"nome":"Rio Pirapó","classe":"afluente","nome_ana":"Rio Pirapó","dominio":"Estadual","area_montante_km2":4611.38},"geometry":{"type":"LineString","coordinates":[[-52.0837,-22.8279],[-52.0837,-22.8278],[-52.0872,-22.8191],[-52.0852,-22.8174],[-52.0805,-22.817],[-52.0786,-22.8144],[-52.0778,-22.8078],[-52.0728,-22.8039],[-52.0751,-22.7993],[-52.0752,-22.7941],[-52.0764,-22.792],[-52.0834,-22.7908],[-52.0862,-22.7894],[-52.0869,-22.789],[-52.0873,-22.7888],[-52.0874,-22.7887]]}},{"type":"Feature","properties":{"nome":"Rio Pirapó","classe":"afluente","nome_ana":"Rio Pirapó","dominio":"Estadual","area_montante_km2":1951.52},"geometry":{"type":"LineString","coordinates":[[-51.9597,-23.1721],[-51.9597,-23.1721],[-51.9668,-23.1636],[-51.9662,-23.1598],[-51.966,-23.1588],[-51.966,-23.1584]]}},{"type":"Feature","properties":{"nome":"Rio Pirapó","classe":"afluente","nome_ana":"Rio Pirapó","dominio":"Estadual","area_montante_km2":326.12},"geometry":{"type":"LineString","coordinates":[[-51.5937,-23.4222],[-51.5977,-23.4237],[-51.5985,-23.4275],[-51.6022,-23.428],[-51.6026,-23.4215],[-51.6022,-23.418],[-51.6051,-23.4154],[-51.6084,-23.4197],[-51.6135,-23.4183],[-51.616,-23.4148],[-51.6199,-23.4136],[-51.6213,-23.4204],[-51.6221,-23.4234]]}},{"type":"Feature","properties":{"nome":"Rio Pirapó","classe":"afluente","nome_ana":"Rio Pirapó","dominio":"Estadual","area_montante_km2":926.754},"geometry":{"type":"LineString","coordinates":[[-51.7662,-23.3367],[-51.7676,-23.333],[-51.7726,-23.3298],[-51.7763,-23.333],[-51.7798,-23.3345]]}},{"type":"Feature","properties":{"nome":"Rio Pirapó","classe":"afluente","nome_ana":"Rio Pirapó","dominio":"Estadual","area_montante_km2":2710.61},"geometry":{"type":"LineString","coordinates":[[-52.0336,-23.0169],[-52.0276,-23.0131],[-52.0261,-23.0077],[-52.0271,-23.0025],[-52.0261,-22.9982],[-52.0337,-22.9868],[-52.032,-22.9814],[-52.0335,-22.9785],[-52.0411,-22.9779],[-52.0408,-22.9747],[-52.0368,-22.9712],[-52.0361,-22.9684],[-52.037,-22.9663],[-52.0394,-22.9651],[-52.0456,-22.9662],[-52.0462,-22.9607],[-52.048,-22.9577],[-52.0467,-22.9529],[-52.0435,-22.9534],[-52.0431,-22.9512],[-52.0451,-22.9473],[-52.0492,-22.9455],[-52.0551,-22.9492],[-52.0608,-22.9485],[-52.0622,-22.9462],[-52.062,-22.9426],[-52.0632,-22.9399],[-52.0617,-22.9377],[-52.0629,-22.9345],[-52.0673,-22.9387],[-52.0699,-22.9373],[-52.0697,-22.9321],[-52.0712,-22.9254],[-52.0681,-22.9216],[-52.071,-22.9191],[-52.0741,-22.9204],[-52.0779,-22.9198],[-52.0806,-22.9144],[-52.0867,-22.9135],[-52.0891,-22.9109],[-52.0932,-22.9095],[-52.0956,-22.9087],[-52.0975,-22.9081],[-52.098,-22.9079]]}},{"type":"Feature","properties":{"nome":"Rio Pirapó","classe":"afluente","nome_ana":"Rio Pirapó","dominio":"Estadual","area_montante_km2":4748.77},"geometry":{"type":"LineString","coordinates":[[-52.0561,-22.7486],[-52.058,-22.7421],[-52.0571,-22.7347],[-52.0584,-22.7261],[-52.0575,-22.7244],[-52.0571,-22.7237],[-52.0568,-22.7233]]}},{"type":"Feature","properties":{"nome":"Rio Pirapó","classe":"afluente","nome_ana":"Rio Pirapó","dominio":"Estadual","area_montante_km2":2161.12},"geometry":{"type":"LineString","coordinates":[[-51.9758,-23.151],[-51.9724,-23.1494],[-51.9725,-23.1471],[-51.9772,-23.1431],[-51.9759,-23.1393],[-51.9763,-23.1369],[-51.9796,-23.1344],[-51.9849,-23.1347],[-51.9877,-23.1355],[-51.9908,-23.1342],[-51.9909,-23.1321],[-51.9884,-23.1269],[-51.9868,-23.1209],[-51.9869,-23.1171],[-51.9885,-23.1149],[-51.9885,-23.1148],[-51.9894,-23.1136]]}},{"type":"Feature","properties":{"nome":"Rio Pirapó","classe":"afluente","nome_ana":"Rio Pirapó","dominio":"Estadual","area_montante_km2":1839.35},"geometry":{"type":"LineString","coordinates":[[-51.9687,-23.2406],[-51.9687,-23.2402],[-51.9686,-23.2395],[-51.9685,-23.2374],[-51.965,-23.2348],[-51.9605,-23.234],[-51.958,-23.2323],[-51.9572,-23.2293],[-51.9592,-23.2262],[-51.9643,-23.2261],[-51.9671,-23.2245],[-51.9671,-23.2223],[-51.9655,-23.2184],[-51.9657,-23.2141],[-51.9697,-23.2126],[-51.9709,-23.2093],[-51.9698,-23.2046],[-51.9694,-23.2029]]}},{"type":"Feature","properties":{"nome":"Rio Pirapó","classe":"afluente","nome_ana":"Rio Pirapó","dominio":"Estadual","area_montante_km2":17.5419},"geometry":{"type":"LineString","coordinates":[[-51.5249,-23.5583],[-51.5253,-23.5504],[-51.5281,-23.5397],[-51.5266,-23.5351],[-51.524,-23.532],[-51.5185,-23.5275],[-51.511,-23.524],[-51.5057,-23.5202],[-51.4988,-23.5118],[-51.4981,-23.5105],[-51.4974,-23.5092],[-51.497,-23.5085],[-51.4968,-23.5082]]}},{"type":"Feature","properties":{"nome":"Rio Pirapó","classe":"afluente","nome_ana":"Rio Pirapó","dominio":"Estadual","area_montante_km2":4502.27},"geometry":{"type":"LineString","coordinates":[[-52.0693,-22.8703],[-52.0759,-22.867],[-52.0779,-22.8649],[-52.079,-22.8625],[-52.0791,-22.8598],[-52.0806,-22.8567],[-52.0809,-22.8462],[-52.085,-22.837],[-52.0855,-22.836],[-52.0855,-22.836]]}},{"type":"Feature","properties":{"nome":"Rio Pirapó","classe":"afluente","nome_ana":"Rio Pirapó","dominio":"Estadual","area_montante_km2":2533.51},"geometry":{"type":"LineString","coordinates":[[-52.0322,-23.0572],[-52.0339,-23.0523],[-52.0336,-23.0499],[-52.0297,-23.0472],[-52.0222,-23.0455],[-52.0199,-23.0439],[-52.0175,-23.0406],[-52.0154,-23.0349],[-52.0165,-23.03],[-52.0218,-23.0268],[-52.0249,-23.0278],[-52.0324,-23.0328],[-52.0361,-23.0313],[-52.0375,-23.0284],[-52.0378,-23.025],[-52.0373,-23.0227],[-52.0358,-23.0202],[-52.0348,-23.0188],[-52.0338,-23.0172],[-52.0336,-23.0169]]}},{"type":"Feature","properties":{"nome":"Rio Pirapó","classe":"afluente","nome_ana":"Rio Pirapó","dominio":"Estadual","area_montante_km2":709.644},"geometry":{"type":"LineString","coordinates":[[-51.6921,-23.3747],[-51.6929,-23.3756],[-51.6968,-23.3802],[-51.7011,-23.3785],[-51.7016,-23.375],[-51.7003,-23.3696],[-51.7011,-23.3671],[-51.7087,-23.3646],[-51.7096,-23.3638],[-51.7116,-23.362],[-51.7117,-23.3619]]}},{"type":"Feature","properties":{"nome":"Rio Pirapó","classe":"afluente","nome_ana":"Rio Pirapó","dominio":"Estadual","area_montante_km2":2010.63},"geometry":{"type":"LineString","coordinates":[[-51.966,-23.1584],[-51.9698,-23.154],[-51.9757,-23.1547],[-51.9757,-23.1531],[-51.9757,-23.1521],[-51.9758,-23.151]]}},{"type":"Feature","properties":{"nome":"Rio Pirapó","classe":"afluente","nome_ana":"Rio Pirapó","dominio":"Estadual","area_montante_km2":1915.26},"geometry":{"type":"LineString","coordinates":[[-51.977,-23.1865],[-51.9737,-23.186],[-51.9691,-23.1873],[-51.9662,-23.1844],[-51.9684,-23.1816],[-51.9671,-23.178],[-51.9617,-23.1784],[-51.96,-23.1764],[-51.9598,-23.1744],[-51.9597,-23.1721]]}},{"type":"Feature","properties":{"nome":"Rio Pirapó","classe":"afluente","nome_ana":"Rio Pirapó","dominio":"Estadual","area_montante_km2":773.17},"geometry":{"type":"LineString","coordinates":[[-51.7117,-23.3619],[-51.7149,-23.359],[-51.7208,-23.3584],[-51.726,-23.3562],[-51.7287,-23.353],[-51.7291,-23.3526]]}},{"type":"Feature","properties":{"nome":"Rio Pirapó","classe":"afluente","nome_ana":"Rio Pirapó","dominio":"Estadual","area_montante_km2":1843.82},"geometry":{"type":"LineString","coordinates":[[-51.9694,-23.2029],[-51.9697,-23.202],[-51.9705,-23.1999],[-51.9752,-23.1991],[-51.9755,-23.1989],[-51.977,-23.1978],[-51.9774,-23.1976]]}},{"type":"Feature","properties":{"nome":"Rio Pirapó","classe":"afluente","nome_ana":"Rio Pirapó","dominio":"Estadual","area_montante_km2":580.186},"geometry":{"type":"LineString","coordinates":[[-51.6609,-23.4025],[-51.6611,-23.4023],[-51.6643,-23.3999],[-51.6637,-23.3965],[-51.6621,-23.3935],[-51.6636,-23.39],[-51.6708,-23.3878],[-51.6714,-23.3855],[-51.6712,-23.3834],[-51.6712,-23.3831]]}},{"type":"Feature","properties":{"nome":"Rio Pirapó","classe":"afluente","nome_ana":"Rio Pirapó","dominio":"Estadual","area_montante_km2":49.5136},"geometry":{"type":"LineString","coordinates":[[-51.4968,-23.5082],[-51.4966,-23.5078],[-51.495,-23.5049],[-51.4953,-23.5008],[-51.4968,-23.4961],[-51.4974,-23.4945],[-51.4976,-23.4939]]}},{"type":"Feature","properties":{"nome":"Rio Pirapó","classe":"afluente","nome_ana":"Rio Pirapó","dominio":"Estadual","area_montante_km2":5098.37},"geometry":{"type":"LineString","coordinates":[[-52.001,-22.6218],[-51.9998,-22.6195],[-52.0013,-22.6132],[-52.0065,-22.6074],[-52.01,-22.6002],[-52.0109,-22.593],[-52.0107,-22.5887],[-52.0098,-22.5858],[-52.0054,-22.5786],[-52.0061,-22.5742],[-52.0129,-22.5708],[-52.0154,-22.5689],[-52.0173,-22.5628],[-52.0146,-22.5477],[-52.0144,-22.5468],[-52.0144,-22.5466]]}},{"type":"Feature","properties":{"nome":"Rio Pirapó","classe":"afluente","nome_ana":"Rio Pirapó","dominio":"Estadual","area_montante_km2":4987.69},"geometry":{"type":"LineString","coordinates":[[-52.0186,-22.6523],[-52.0187,-22.652],[-52.0187,-22.6518],[-52.0189,-22.6512],[-52.0194,-22.6492],[-52.0159,-22.6472],[-52.0142,-22.6441],[-52.0146,-22.6412],[-52.0159,-22.6399],[-52.0162,-22.6396],[-52.0163,-22.6395]]}},{"type":"Feature","properties":{"nome":"Rio Pirapó","classe":"afluente","nome_ana":"Rio Pirapó","dominio":"Estadual","area_montante_km2":1289.67},"geometry":{"type":"LineString","coordinates":[[-51.8429,-23.3105],[-51.8429,-23.3105],[-51.8491,-23.3035],[-51.8533,-23.3008],[-51.8608,-23.3],[-51.8673,-23.3023],[-51.8724,-23.3003],[-51.8723,-23.298],[-51.8685,-23.2915],[-51.8681,-23.2895],[-51.8678,-23.2882],[-51.8678,-23.288]]}},{"type":"Feature","properties":{"nome":"Rio Pirapó","classe":"afluente","nome_ana":"Rio Pirapó","dominio":"Estadual","area_montante_km2":2817.31},"geometry":{"type":"LineString","coordinates":[[-52.098,-22.9079],[-52.102,-22.9072],[-52.1042,-22.9036],[-52.0998,-22.8995],[-52.092,-22.8978],[-52.089,-22.8961],[-52.0864,-22.893],[-52.0826,-22.8908],[-52.0776,-22.889],[-52.0754,-22.8861],[-52.0746,-22.8824],[-52.0688,-22.8758],[-52.0691,-22.8724],[-52.0692,-22.8712],[-52.0693,-22.8703]]}},{"type":"Feature","properties":{"nome":"Rio Pirapó","classe":"afluente","nome_ana":"Rio Pirapó","dominio":"Estadual","area_montante_km2":4533.54},"geometry":{"type":"LineString","coordinates":[[-52.0855,-22.836],[-52.0854,-22.8359],[-52.0853,-22.8353],[-52.0843,-22.8322],[-52.0838,-22.8289],[-52.0838,-22.8285],[-52.0837,-22.8279]]}},{"type":"Feature","properties":{"nome":"Rio Pirapó","classe":"afluente","nome_ana":"Rio Pirapó","dominio":"Estadual","area_montante_km2":788.331},"geometry":{"type":"LineString","coordinates":[[-51.7291,-23.3526],[-51.7293,-23.3524],[-51.7322,-23.349],[-51.7352,-23.3475],[-51.7363,-23.347],[-51.7363,-23.347],[-51.7368,-23.3467]]}},{"type":"Feature","properties":{"nome":"Rio Pirapó","classe":"afluente","nome_ana":"Rio Pirapó","dominio":"Estadual","area_montante_km2":2444.24},"geometry":{"type":"LineString","coordinates":[[-52.0076,-23.0766],[-52.0078,-23.0764],[-52.0082,-23.0761],[-52.0115,-23.0732],[-52.011,-23.0689],[-52.0115,-23.0664],[-52.0136,-23.0651],[-52.0194,-23.0667],[-52.026,-23.0714],[-52.0285,-23.0699],[-52.028,-23.0665],[-52.0261,-23.0647],[-52.0254,-23.0616],[-52.027,-23.0594],[-52.0317,-23.0574],[-52.0317,-23.0574],[-52.0322,-23.0572]]}},{"type":"Feature","properties":{"nome":"Rio Pirapó","classe":"afluente","nome_ana":"Rio Pirapó","dominio":"Estadual","area_montante_km2":1513.02},"geometry":{"type":"LineString","coordinates":[[-51.9398,-23.2705],[-51.9389,-23.2655],[-51.9385,-23.2622],[-51.9385,-23.2615],[-51.9384,-23.2611],[-51.9384,-23.2604]]}},{"type":"Feature","properties":{"nome":"Rio Pirapó","classe":"afluente","nome_ana":"Rio Pirapó","dominio":"Estadual","area_montante_km2":4712.7},"geometry":{"type":"LineString","coordinates":[[-52.0874,-22.7887],[-52.0893,-22.7863],[-52.0913,-22.7814],[-52.0896,-22.7739],[-52.0901,-22.7693],[-52.0869,-22.7651],[-52.0796,-22.7634],[-52.0793,-22.7611],[-52.0766,-22.758],[-52.0732,-22.7579],[-52.0695,-22.7588],[-52.0658,-22.7573],[-52.0653,-22.7526],[-52.0614,-22.752],[-52.0584,-22.7501],[-52.0572,-22.7493],[-52.0563,-22.7487],[-52.0561,-22.7486]]}},{"type":"Feature","properties":{"nome":"Rio Pirapó","classe":"afluente","nome_ana":"Rio Pirapó","dominio":"Estadual","area_montante_km2":1865.5},"geometry":{"type":"LineString","coordinates":[[-51.9774,-23.1976],[-51.9771,-23.1969],[-51.977,-23.1966],[-51.9769,-23.1962],[-51.976,-23.1938],[-51.9783,-23.1894],[-51.9777,-23.188],[-51.9772,-23.187],[-51.977,-23.1867],[-51.977,-23.1865]]}},{"type":"Feature","properties":{"nome":"Rio Pirapó","classe":"afluente","nome_ana":"Rio Pirapó","dominio":"Estadual","area_montante_km2":1243.48},"geometry":{"type":"LineString","coordinates":[[-51.8469,-23.3265],[-51.8468,-23.3263],[-51.845,-23.3227],[-51.8391,-23.3193],[-51.839,-23.3159],[-51.84,-23.3139],[-51.8429,-23.3106],[-51.8429,-23.3105]]}},{"type":"Feature","properties":{"nome":"Rio Pirapó","classe":"afluente","nome_ana":"Rio Pirapó","dominio":"Estadual","area_montante_km2":4808.35},"geometry":{"type":"LineString","coordinates":[[-52.0568,-22.7233],[-52.0515,-22.7193],[-52.0501,-22.7154],[-52.0528,-22.7098],[-52.0525,-22.7024],[-52.0532,-22.6994],[-52.0578,-22.693],[-52.0578,-22.6903],[-52.0544,-22.6872],[-52.0488,-22.6861],[-52.0463,-22.6833],[-52.0473,-22.6803],[-52.0466,-22.6782],[-52.0439,-22.6762],[-52.0387,-22.6744],[-52.0362,-22.6729],[-52.0356,-22.6725],[-52.0352,-22.6723]]}},{"type":"Feature","properties":{"nome":"Rio Pirapó","classe":"afluente","nome_ana":"Rio Pirapó","dominio":"Estadual","area_montante_km2":254.198},"geometry":{"type":"LineString","coordinates":[[-51.5803,-23.4335],[-51.5804,-23.4335],[-51.5848,-23.4325],[-51.588,-23.4336],[-51.5916,-23.432],[-51.5932,-23.4245],[-51.5935,-23.4234],[-51.5937,-23.4222]]}},{"type":"Feature","properties":{"nome":"Rio Pirapó","classe":"afluente","nome_ana":"Rio Pirapó","dominio":"Estadual","area_montante_km2":1096.75},"geometry":{"type":"LineString","coordinates":[[-51.7798,-23.3345],[-51.7801,-23.3345],[-51.781,-23.3345],[-51.7812,-23.3345],[-51.7862,-23.3347],[-51.789,-23.3333],[-51.7933,-23.3299],[-51.7986,-23.3293],[-51.8067,-23.3225],[-51.8107,-23.3222],[-51.8188,-23.3233],[-51.8235,-23.3222],[-51.826,-23.3208],[-51.8266,-23.3178],[-51.83,-23.3157],[-51.8341,-23.3173],[-51.8363,-23.3235],[-51.8382,-23.3268],[-51.8402,-23.3283],[-51.8437,-23.3283],[-51.846,-23.327],[-51.846,-23.327],[-51.8469,-23.3265]]}},{"type":"Feature","properties":{"nome":"Rio Taquari","classe":"afluente","nome_ana":"Rio Taquari","dominio":"Estadual","area_montante_km2":3923.53},"geometry":{"type":"LineString","coordinates":[[-49.1929,-23.3024],[-49.192,-23.2981],[-49.1919,-23.2973]]}},{"type":"Feature","properties":{"nome":"Rio Taquari","classe":"afluente","nome_ana":"Rio Taquari","dominio":"Estadual","area_montante_km2":3412.47},"geometry":{"type":"LineString","coordinates":[[-49.1271,-23.5562],[-49.1275,-23.553],[-49.1256,-23.5498],[-49.1269,-23.5474],[-49.1318,-23.5462],[-49.138,-23.5461],[-49.1399,-23.5437],[-49.1492,-23.5491],[-49.153,-23.5483],[-49.1519,-23.5444],[-49.1524,-23.5411],[-49.1565,-23.5395],[-49.1561,-23.5369],[-49.1534,-23.5359],[-49.1527,-23.5332],[-49.158,-23.5259],[-49.1528,-23.5196],[-49.1495,-23.5147],[-49.1495,-23.5082],[-49.154,-23.5013],[-49.1613,-23.4961],[-49.1609,-23.4892],[-49.1544,-23.4851],[-49.1519,-23.4835],[-49.1524,-23.4746],[-49.1718,-23.4608],[-49.175,-23.4536],[-49.1752,-23.4533]]}},{"type":"Feature","properties":{"nome":"Rio Taquari","classe":"afluente","nome_ana":"Rio Taquari","dominio":"Estadual","area_montante_km2":3182},"geometry":{"type":"LineString","coordinates":[[-49.1191,-23.5556],[-49.1195,-23.5556],[-49.1262,-23.5561],[-49.127,-23.5562],[-49.1271,-23.5562]]}},{"type":"Feature","properties":{"nome":"Rio Taquari","classe":"afluente","nome_ana":"Rio Taquari","dominio":"Estadual","area_montante_km2":2192.72},"geometry":{"type":"LineString","coordinates":[[-49.0143,-23.8415],[-49.0143,-23.8415],[-49.0173,-23.8359],[-49.0205,-23.8344],[-49.0229,-23.832],[-49.0232,-23.8268],[-49.0258,-23.8247],[-49.0296,-23.8233],[-49.0329,-23.8168],[-49.0397,-23.813],[-49.0425,-23.8171],[-49.0402,-23.821],[-49.0419,-23.8234],[-49.0465,-23.8228],[-49.0482,-23.82],[-49.0497,-23.814],[-49.0538,-23.808],[-49.052,-23.8063],[-49.0478,-23.8049],[-49.0464,-23.8022],[-49.048,-23.7985],[-49.0531,-23.7912],[-49.0523,-23.7824],[-49.053,-23.7791],[-49.0552,-23.7762],[-49.0628,-23.7724],[-49.0666,-23.7693],[-49.0722,-23.769],[-49.0779,-23.7659],[-49.0816,-23.7656],[-49.0879,-23.7629],[-49.091,-23.7636],[-49.0967,-23.7613],[-49.101,-23.7653],[-49.1041,-23.7666],[-49.1074,-23.7662],[-49.109,-23.7641],[-49.1081,-23.7593],[-49.1124,-23.7568],[-49.1131,-23.754],[-49.1148,-23.7509],[-49.1223,-23.7508],[-49.1244,-23.7462],[-49.126,-23.7445],[-49.1298,-23.7443],[-49.1349,-23.7455],[-49.1393,-23.7481],[-49.1433,-23.7512],[-49.1438,-23.7516],[-49.1442,-23.7519]]}},{"type":"Feature","properties":{"nome":"Rio Taquari","classe":"afluente","nome_ana":"Rio Taquari","dominio":"Estadual","area_montante_km2":4510.16},"geometry":{"type":"LineString","coordinates":[[-49.1915,-23.2884],[-49.1916,-23.288],[-49.1951,-23.2819],[-49.2004,-23.2754],[-49.2,-23.2665],[-49.1925,-23.2597],[-49.1919,-23.2592]]}},{"type":"Feature","properties":{"nome":"Rio Taquari","classe":"afluente","nome_ana":"Rio Taquari","dominio":"Estadual","area_montante_km2":3076.91},"geometry":{"type":"LineString","coordinates":[[-49.1169,-23.6325],[-49.1169,-23.632],[-49.1166,-23.6286],[-49.1276,-23.6222],[-49.1295,-23.6195],[-49.1302,-23.6152],[-49.1279,-23.6095],[-49.1178,-23.6064],[-49.1175,-23.6035],[-49.1209,-23.5992],[-49.1214,-23.5949],[-49.1193,-23.5913],[-49.119,-23.5891],[-49.12,-23.5834],[-49.12,-23.5792],[-49.1128,-23.5686],[-49.1122,-23.566],[-49.112,-23.5649]]}},{"type":"Feature","properties":{"nome":"Rio Taquari","classe":"afluente","nome_ana":"Rio Taquari","dominio":"Estadual","area_montante_km2":2513.91},"geometry":{"type":"LineString","coordinates":[[-49.1442,-23.7519],[-49.1445,-23.7517],[-49.1479,-23.7496],[-49.1508,-23.7472],[-49.1536,-23.7426],[-49.1559,-23.7355],[-49.156,-23.7321],[-49.152,-23.7265],[-49.1517,-23.7261]]}},{"type":"Feature","properties":{"nome":"Rio Taquari","classe":"afluente","nome_ana":"Rio Taquari","dominio":"Estadual","area_montante_km2":517.292},"geometry":{"type":"LineString","coordinates":[[-48.9314,-24.0116],[-48.9344,-24.0067],[-48.9315,-24.0044],[-48.9239,-24.0041],[-48.9216,-24.0035],[-48.9205,-24.0031],[-48.9203,-24.0031]]}},{"type":"Feature","properties":{"nome":"Rio Taquari","classe":"afluente","nome_ana":"Rio Taquari","dominio":"Estadual","area_montante_km2":884.504},"geometry":{"type":"LineString","coordinates":[[-48.9133,-23.9784],[-48.9107,-23.9704],[-48.9152,-23.9701],[-48.9179,-23.9682],[-48.9217,-23.9691],[-48.9238,-23.9709],[-48.9276,-23.9697],[-48.9316,-23.965],[-48.935,-23.9659],[-48.9389,-23.9719],[-48.9426,-23.9754],[-48.9468,-23.9736],[-48.9464,-23.9713],[-48.9446,-23.9667],[-48.9465,-23.961],[-48.9465,-23.9581],[-48.9429,-23.9527],[-48.9396,-23.9524],[-48.9327,-23.9556],[-48.9291,-23.9528],[-48.9295,-23.9501],[-48.9317,-23.9441],[-48.9321,-23.9406],[-48.9306,-23.9379],[-48.9316,-23.935],[-48.9393,-23.9318],[-48.9433,-23.926],[-48.9492,-23.9256],[-48.9496,-23.9207],[-48.9469,-23.9162],[-48.9473,-23.9106],[-48.9533,-23.9047],[-48.9568,-23.8982],[-48.9572,-23.8942],[-48.9554,-23.8923],[-48.951,-23.8912],[-48.9442,-23.8916],[-48.9394,-23.8907],[-48.9388,-23.8905],[-48.9386,-23.8905]]}},{"type":"Feature","properties":{"nome":"Rio Taquari","classe":"afluente","nome_ana":"Rio Taquari","dominio":"Estadual","area_montante_km2":71.1509},"geometry":{"type":"LineString","coordinates":[[-50.2389,-25.0467],[-50.2471,-25.0515],[-50.2529,-25.0562],[-50.257,-25.061],[-50.2582,-25.0694],[-50.2577,-25.0727],[-50.2579,-25.083],[-50.2567,-25.0969],[-50.2572,-25.1015],[-50.2581,-25.1036],[-50.2616,-25.1075],[-50.2653,-25.1197],[-50.2684,-25.1254],[-50.2769,-25.1328],[-50.2778,-25.1362],[-50.2785,-25.1387],[-50.2786,-25.139]]}},{"type":"Feature","properties":{"nome":"Rio Taquari","classe":"afluente","nome_ana":"Rio Taquari","dominio":"Estadual","area_montante_km2":3138.94},"geometry":{"type":"LineString","coordinates":[[-49.112,-23.5649],[-49.1121,-23.5645],[-49.1139,-23.5591],[-49.1168,-23.5566],[-49.119,-23.5556],[-49.1191,-23.5556]]}},{"type":"Feature","properties":{"nome":"Rio Taquari","classe":"afluente","nome_ana":"Rio Taquari","dominio":"Estadual","area_montante_km2":3620.77},"geometry":{"type":"LineString","coordinates":[[-49.1752,-23.4533],[-49.1754,-23.4527],[-49.1757,-23.452],[-49.1783,-23.4462],[-49.1767,-23.4369],[-49.1722,-23.4308],[-49.1771,-23.4239],[-49.1848,-23.426],[-49.19,-23.4268],[-49.1998,-23.4219],[-49.2036,-23.4193],[-49.2046,-23.4187]]}},{"type":"Feature","properties":{"nome":"Rio Taquari","classe":"afluente","nome_ana":"Rio Taquari","dominio":"Estadual","area_montante_km2":188.068},"geometry":{"type":"LineString","coordinates":[[-48.907,-24.2633],[-48.907,-24.2632],[-48.907,-24.2628],[-48.9073,-24.2573],[-48.9074,-24.255]]}},{"type":"Feature","properties":{"nome":"Rio Tibagi","classe":"afluente","nome_ana":"Rio Tibagi","dominio":"Estadual","area_montante_km2":12032.5},"geometry":{"type":"LineString","coordinates":[[-50.4516,-24.4655],[-50.4577,-24.4629],[-50.4587,-24.4635],[-50.461,-24.4651],[-50.4612,-24.4652]]}},{"type":"Feature","properties":{"nome":"Rio Tibagi","classe":"afluente","nome_ana":"Rio Tibagi","dominio":"Estadual","area_montante_km2":17029.4},"geometry":{"type":"LineString","coordinates":[[-50.8066,-23.8751],[-50.8136,-23.8725],[-50.8191,-23.8734],[-50.8241,-23.8761],[-50.8286,-23.8802],[-50.8342,-23.8812],[-50.8371,-23.8823],[-50.8394,-23.8849],[-50.843,-23.8908],[-50.8486,-23.8927],[-50.851,-23.8917],[-50.853,-23.8887],[-50.8533,-23.874],[-50.8554,-23.8696],[-50.8643,-23.8622],[-50.872,-23.8609],[-50.8734,-23.8607],[-50.8736,-23.8607]]}},{"type":"Feature","properties":{"nome":"Rio Tibagi","classe":"afluente","nome_ana":"Rio Tibagi","dominio":"Estadual","area_montante_km2":15445.5},"geometry":{"type":"LineString","coordinates":[[-50.7349,-24.1382],[-50.7349,-24.1382],[-50.7319,-24.1369],[-50.7272,-24.1366],[-50.7228,-24.137],[-50.7075,-24.1353],[-50.7037,-24.1341],[-50.6989,-24.1288],[-50.6939,-24.1184],[-50.6937,-24.1158],[-50.6953,-24.1137],[-50.6988,-24.1127],[-50.7144,-24.1123],[-50.7182,-24.1104],[-50.7201,-24.1075],[-50.7225,-24.1041],[-50.7267,-24.1016],[-50.735,-24.0985],[-50.7372,-24.0969],[-50.7371,-24.094],[-50.7341,-24.0926],[-50.728,-24.0922],[-50.7214,-24.093],[-50.7148,-24.0949],[-50.7104,-24.094],[-50.7021,-24.0917],[-50.7053,-24.0848],[-50.7053,-24.0744],[-50.7015,-24.0744],[-50.6948,-24.0814],[-50.6922,-24.0821],[-50.686,-24.0808],[-50.683,-24.0777],[-50.6894,-24.0731],[-50.6976,-24.0646],[-50.7048,-24.0635],[-50.7078,-24.0623],[-50.7094,-24.0597],[-50.7102,-24.0563],[-50.7102,-24.0476],[-50.7096,-24.0451],[-50.7065,-24.0432],[-50.6955,-24.0433],[-50.6896,-24.0408],[-50.6892,-24.0407]]}},{"type":"Feature","properties":{"nome":"Rio Tibagi","classe":"afluente","nome_ana":"Rio Tibagi","dominio":"Estadual","area_montante_km2":21943.3},"geometry":{"type":"LineString","coordinates":[[-50.9856,-23.2685],[-50.9845,-23.2612],[-50.9834,-23.2566],[-50.979,-23.2522],[-50.9779,-23.2512]]}},{"type":"Feature","properties":{"nome":"Rio Tibagi","classe":"afluente","nome_ana":"Rio Tibagi","dominio":"Estadual","area_montante_km2":19871.7},"geometry":{"type":"LineString","coordinates":[[-50.9531,-23.5206],[-50.9529,-23.5203],[-50.9501,-23.5158],[-50.9501,-23.5157]]}},{"type":"Feature","properties":{"nome":"Rio Tibagi","classe":"afluente","nome_ana":"Rio Tibagi","dominio":"Estadual","area_montante_km2":8656.1},"geometry":{"type":"LineString","coordinates":[[-50.4341,-24.6365],[-50.4349,-24.6314],[-50.4304,-24.6269],[-50.4295,-24.6175],[-50.4294,-24.6172]]}},{"type":"Feature","properties":{"nome":"Rio Tibagi","classe":"afluente","nome_ana":"Rio Tibagi","dominio":"Estadual","area_montante_km2":14636},"geometry":{"type":"LineString","coordinates":[[-50.6816,-24.2096],[-50.6817,-24.2094],[-50.6822,-24.2087],[-50.683,-24.2075],[-50.6836,-24.203],[-50.6945,-24.2012],[-50.6982,-24.199],[-50.6993,-24.1983]]}},{"type":"Feature","properties":{"nome":"Rio Tibagi","classe":"afluente","nome_ana":"Rio Tibagi","dominio":"Estadual","area_montante_km2":16521.8},"geometry":{"type":"LineString","coordinates":[[-50.6994,-24.0265],[-50.6995,-24.0265],[-50.704,-24.0272],[-50.7115,-24.0271],[-50.7172,-24.0256],[-50.7212,-24.0233],[-50.7311,-24.0126],[-50.7351,-24.0074],[-50.7364,-24.0044],[-50.7373,-23.9968],[-50.7392,-23.9945],[-50.7427,-23.9905],[-50.7428,-23.9904],[-50.7437,-23.9894]]}},{"type":"Feature","properties":{"nome":"Rio Tibagi","classe":"afluente","nome_ana":"Rio Tibagi","dominio":"Estadual","area_montante_km2":4652.57},"geometry":{"type":"LineString","coordinates":[[-50.3687,-25.0948],[-50.3706,-25.0915],[-50.3827,-25.0825],[-50.3862,-25.0788],[-50.3857,-25.0733],[-50.381,-25.0661],[-50.3831,-25.0636],[-50.3876,-25.0662],[-50.3933,-25.0655],[-50.3968,-25.069],[-50.3987,-25.0742],[-50.4062,-25.0752],[-50.4077,-25.0732],[-50.4071,-25.0685],[-50.4005,-25.0613],[-50.3986,-25.0561],[-50.4005,-25.0535],[-50.4057,-25.05],[-50.41,-25.0442],[-50.4061,-25.0395],[-50.4053,-25.0371],[-50.408,-25.0326],[-50.4117,-25.0339],[-50.4158,-25.038],[-50.4183,-25.0426],[-50.4211,-25.0442],[-50.4262,-25.0434],[-50.4287,-25.0401],[-50.4302,-25.0332],[-50.4303,-25.0274],[-50.4348,-25.0247],[-50.4408,-25.0295],[-50.4461,-25.0296],[-50.4492,-25.0262],[-50.4493,-25.026],[-50.4498,-25.0255],[-50.4498,-25.0255]]}},{"type":"Feature","properties":{"nome":"Rio Taquari","classe":"afluente","nome_ana":"Rio Taquari","dominio":"Estadual","area_montante_km2":4.83005},"geometry":{"type":"LineString","coordinates":[[-48.936,-23.9915],[-48.9344,-23.9886],[-48.9299,-23.9856],[-48.9211,-23.9851],[-48.9158,-23.9822],[-48.9137,-23.9789],[-48.9134,-23.9784],[-48.9133,-23.9784]]}},{"type":"Feature","properties":{"nome":"Rio Taquari","classe":"afluente","nome_ana":"Rio Taquari","dominio":"Estadual","area_montante_km2":1399.47},"geometry":{"type":"LineString","coordinates":[[-48.9735,-23.8381],[-48.9735,-23.8381],[-48.9767,-23.8349],[-48.9801,-23.8353],[-48.9816,-23.8404],[-48.9855,-23.84],[-48.9884,-23.8377],[-48.9934,-23.8364],[-48.9992,-23.839],[-49.0057,-23.838],[-49.0083,-23.8393],[-49.0104,-23.8414],[-49.0104,-23.8414],[-49.0135,-23.8415],[-49.0143,-23.8415]]}},{"type":"Feature","properties":{"nome":"Rio Tibagi","classe":"afluente","nome_ana":"Rio Tibagi","dominio":"Estadual","area_montante_km2":1343.74},"geometry":{"type":"LineString","coordinates":[[-50.1309,-25.1914],[-50.1311,-25.1914],[-50.1343,-25.1912],[-50.1444,-25.1966],[-50.1491,-25.1976],[-50.1512,-25.195],[-50.1508,-25.1881],[-50.1514,-25.1853],[-50.1546,-25.1838],[-50.1588,-25.1839],[-50.1593,-25.1839],[-50.1601,-25.184]]}},{"type":"Feature","properties":{"nome":"Rio Tibagi","classe":"afluente","nome_ana":"Rio Tibagi","dominio":"Estadual","area_montante_km2":2342.01},"geometry":{"type":"LineString","coordinates":[[-50.2703,-25.1476],[-50.2707,-25.1471],[-50.2756,-25.14],[-50.2769,-25.1396],[-50.2786,-25.139]]}},{"type":"Feature","properties":{"nome":"Rio Tibagi","classe":"afluente","nome_ana":"Rio Tibagi","dominio":"Estadual","area_montante_km2":14852},"geometry":{"type":"LineString","coordinates":[[-50.6778,-24.174],[-50.6778,-24.1737],[-50.6771,-24.1695],[-50.6782,-24.1672],[-50.6916,-24.1541],[-50.696,-24.1518],[-50.698,-24.1548],[-50.6944,-24.162],[-50.6941,-24.1653],[-50.6972,-24.1695],[-50.7017,-24.1716],[-50.7055,-24.1714],[-50.7093,-24.1704],[-50.7267,-24.1609],[-50.7297,-24.1584],[-50.7346,-24.1484],[-50.7365,-24.1415],[-50.7352,-24.1389],[-50.7351,-24.1386],[-50.7349,-24.1382]]}},{"type":"Feature","properties":{"nome":"Rio Tibagi","classe":"afluente","nome_ana":"Rio Tibagi","dominio":"Estadual","area_montante_km2":22068.8},"geometry":{"type":"LineString","coordinates":[[-50.9779,-23.2512],[-50.9778,-23.2511],[-50.9686,-23.243],[-50.9628,-23.2306],[-50.9653,-23.2121],[-50.9654,-23.2118],[-50.9655,-23.2108]]}},{"type":"Feature","properties":{"nome":"Rio Tibagi","classe":"afluente","nome_ana":"Rio Tibagi","dominio":"Estadual","area_montante_km2":6259.87},"geometry":{"type":"LineString","coordinates":[[-50.3552,-24.8421],[-50.3551,-24.842],[-50.355,-24.842],[-50.3546,-24.8416],[-50.3517,-24.839],[-50.3407,-24.8436],[-50.328,-24.8461],[-50.323,-24.8454],[-50.3172,-24.841],[-50.3143,-24.8402],[-50.3127,-24.8435],[-50.3125,-24.8494],[-50.3076,-24.8534],[-50.3035,-24.8551],[-50.2974,-24.8555],[-50.2944,-24.8529],[-50.2945,-24.8515],[-50.2946,-24.8503],[-50.2946,-24.8493]]}},{"type":"Feature","properties":{"nome":"Rio Tibagi","classe":"afluente","nome_ana":"Rio Tibagi","dominio":"Estadual","area_montante_km2":596.973},"geometry":{"type":"LineString","coordinates":[[-50.0007,-25.3076],[-50.0087,-25.3038],[-50.0131,-25.3033],[-50.028,-25.3066],[-50.0318,-25.3053],[-50.0356,-25.302],[-50.0376,-25.2954],[-50.0392,-25.2932],[-50.043,-25.2921],[-50.0414,-25.2865],[-50.0443,-25.2828],[-50.0466,-25.274],[-50.0549,-25.2692],[-50.0578,-25.2636],[-50.0605,-25.2607],[-50.0697,-25.256],[-50.073,-25.2552],[-50.0743,-25.2549],[-50.0765,-25.2539],[-50.0775,-25.2534]]}},{"type":"Feature","properties":{"nome":"Rio Tibagi","classe":"afluente","nome_ana":"Rio Tibagi","dominio":"Estadual","area_montante_km2":1540.95},"geometry":{"type":"LineString","coordinates":[[-50.2108,-25.1693],[-50.2194,-25.1653],[-50.2326,-25.1667],[-50.2381,-25.1663],[-50.2432,-25.1626],[-50.2492,-25.1561],[-50.2534,-25.153],[-50.258,-25.1517],[-50.2646,-25.1509],[-50.2679,-25.1495],[-50.2701,-25.1478],[-50.2702,-25.1477],[-50.2703,-25.1476]]}},{"type":"Feature","properties":{"nome":"Rio Tibagi","classe":"afluente","nome_ana":"Rio Tibagi","dominio":"Estadual","area_montante_km2":14074.9},"geometry":{"type":"LineString","coordinates":[[-50.6077,-24.323],[-50.6096,-24.32],[-50.626,-24.3117],[-50.6288,-24.3087],[-50.6336,-24.2996],[-50.637,-24.2969],[-50.6504,-24.2903],[-50.6531,-24.2863],[-50.655,-24.2818],[-50.6589,-24.279],[-50.6625,-24.2793],[-50.6707,-24.2825],[-50.6738,-24.2825],[-50.6839,-24.2795],[-50.6892,-24.2808],[-50.6909,-24.2803],[-50.6927,-24.2798],[-50.6931,-24.2797]]}},{"type":"Feature","properties":{"nome":"Rio Tibagi","classe":"afluente","nome_ana":"Rio Tibagi","dominio":"Estadual","area_montante_km2":8850.19},"geometry":{"type":"LineString","coordinates":[[-50.4129,-24.581],[-50.4108,-24.5787],[-50.4057,-24.5786],[-50.3985,-24.5823],[-50.3947,-24.5828],[-50.3873,-24.584],[-50.3881,-24.5804],[-50.3881,-24.5763],[-50.3891,-24.5735],[-50.3981,-24.5659],[-50.4046,-24.5571],[-50.4093,-24.5518],[-50.4119,-24.5476],[-50.4106,-24.545],[-50.4024,-24.5518],[-50.3997,-24.5496],[-50.4007,-24.5456],[-50.4061,-24.5355],[-50.4037,-24.5293],[-50.3987,-24.5311],[-50.3972,-24.5294]]}},{"type":"Feature","properties":{"nome":"Rio Tibagi","classe":"afluente","nome_ana":"Rio Tibagi","dominio":"Estadual","area_montante_km2":12010.5},"geometry":{"type":"LineString","coordinates":[[-50.4147,-24.5025],[-50.416,-24.4987],[-50.4211,-24.4897],[-50.4279,-24.4808],[-50.4336,-24.4783],[-50.443,-24.4787],[-50.4465,-24.4772],[-50.4487,-24.4749],[-50.4511,-24.4673],[-50.4512,-24.4668],[-50.4516,-24.4655]]}},{"type":"Feature","properties":{"nome":"Rio Taquari","classe":"afluente","nome_ana":"Rio Taquari","dominio":"Estadual","area_montante_km2":477.232},"geometry":{"type":"LineString","coordinates":[[-48.9711,-24.1688],[-48.971,-24.1687],[-48.9671,-24.1651],[-48.9657,-24.1629],[-48.9673,-24.1509],[-48.9629,-24.1458],[-48.967,-24.1428],[-48.9689,-24.1405],[-48.9646,-24.1367],[-48.9643,-24.1326],[-48.9624,-24.1298],[-48.9597,-24.128],[-48.9561,-24.1265],[-48.957,-24.1244],[-48.9554,-24.1213],[-48.9492,-24.1185],[-48.9496,-24.1146],[-48.9522,-24.1112],[-48.9535,-24.1078],[-48.9544,-24.1026],[-48.956,-24.0996],[-48.961,-24.1017],[-48.962,-24.0962],[-48.9644,-24.0901],[-48.9617,-24.0883],[-48.9564,-24.0861],[-48.9575,-24.0814],[-48.9604,-24.0774],[-48.9651,-24.0725],[-48.9673,-24.0691],[-48.969,-24.064],[-48.9689,-24.0571],[-48.9653,-24.0501],[-48.9644,-24.0397],[-48.9624,-24.0345],[-48.9558,-24.0258],[-48.9501,-24.0211],[-48.9435,-24.0195],[-48.9364,-24.0226],[-48.9328,-24.0227],[-48.9333,-24.0204],[-48.9356,-24.0166],[-48.9326,-24.013],[-48.9323,-24.0127],[-48.9314,-24.0116]]}},{"type":"Feature","properties":{"nome":"Rio Taquari","classe":"afluente","nome_ana":"Rio Taquari","dominio":"Estadual","area_montante_km2":339.884},"geometry":{"type":"LineString","coordinates":[[-48.9659,-24.1881],[-48.9659,-24.1879],[-48.9671,-24.1846],[-48.9725,-24.1776],[-48.9712,-24.1695],[-48.9711,-24.1688]]}},{"type":"Feature","properties":{"nome":"Rio Tibagi","classe":"afluente","nome_ana":"Rio Tibagi","dominio":"Estadual","area_montante_km2":13889.2},"geometry":{"type":"LineString","coordinates":[[-50.5875,-24.4101],[-50.5878,-24.4098],[-50.5896,-24.407],[-50.591,-24.404],[-50.5918,-24.3971],[-50.591,-24.3937],[-50.586,-24.3867],[-50.5851,-24.3833],[-50.5851,-24.3781],[-50.5881,-24.3716],[-50.5894,-24.3663],[-50.5877,-24.3559],[-50.5875,-24.3502],[-50.5909,-24.3454],[-50.598,-24.3398],[-50.6009,-24.3364],[-50.6047,-24.3275],[-50.607,-24.3241],[-50.6073,-24.3235],[-50.6077,-24.323]]}},{"type":"Feature","properties":{"nome":"Rio Tibagi","classe":"afluente","nome_ana":"Rio Tibagi","dominio":"Estadual","area_montante_km2":72.0895},"geometry":{"type":"LineString","coordinates":[[-49.8398,-25.2253],[-49.8434,-25.2274],[-49.8478,-25.2319],[-49.85,-25.2331],[-49.8538,-25.2331],[-49.8586,-25.2315],[-49.8621,-25.2311],[-49.8655,-25.2334],[-49.8676,-25.2363],[-49.8691,-25.2438],[-49.8603,-25.2538],[-49.8593,-25.2588],[-49.8616,-25.2665],[-49.862,-25.2714],[-49.8615,-25.2763],[-49.8633,-25.2816],[-49.8702,-25.2887],[-49.877,-25.2945],[-49.8798,-25.2963],[-49.8827,-25.2967],[-49.8889,-25.2956],[-49.8972,-25.3019],[-49.9199,-25.3094],[-49.9234,-25.3116],[-49.9309,-25.3184],[-49.9385,-25.3202],[-49.9447,-25.3285],[-49.9447,-25.3285],[-49.9448,-25.3286]]}},{"type":"Feature","properties":{"nome":"Rio Tibagi","classe":"afluente","nome_ana":"Rio Tibagi","dominio":"Estadual","area_montante_km2":22831.7},"geometry":{"type":"LineString","coordinates":[[-50.9769,-23.0922],[-50.977,-23.0911],[-50.9771,-23.0903],[-50.9771,-23.0903],[-50.9771,-23.0901],[-50.9773,-23.0864],[-50.9773,-23.0833],[-50.9826,-23.0675],[-50.9884,-23.0512],[-50.9884,-23.0466],[-50.9875,-23.0431],[-50.9874,-23.043],[-50.9872,-23.0423]]}},{"type":"Feature","properties":{"nome":"Rio Taquari","classe":"afluente","nome_ana":"Rio Taquari","dominio":"Estadual","area_montante_km2":2731.3},"geometry":{"type":"LineString","coordinates":[[-49.1279,-23.6597],[-49.1279,-23.6596],[-49.1278,-23.6595],[-49.1263,-23.6567],[-49.1216,-23.6522],[-49.1199,-23.6503],[-49.1191,-23.6371],[-49.1176,-23.6338],[-49.117,-23.6326],[-49.1169,-23.6325]]}},{"type":"Feature","properties":{"nome":"Rio Taquari","classe":"afluente","nome_ana":"Rio Taquari","dominio":"Estadual","area_montante_km2":3882.25},"geometry":{"type":"LineString","coordinates":[[-49.2083,-23.3708],[-49.2086,-23.3705],[-49.2089,-23.3703],[-49.2111,-23.3684],[-49.2099,-23.3607],[-49.2079,-23.3445],[-49.2063,-23.3327],[-49.1967,-23.3208],[-49.1931,-23.3031],[-49.193,-23.3029],[-49.1929,-23.3024]]}},{"type":"Feature","properties":{"nome":"Rio Taquari","classe":"afluente","nome_ana":"Rio Taquari","dominio":"Estadual","area_montante_km2":816.398},"geometry":{"type":"LineString","coordinates":[[-48.9203,-24.0031],[-48.919,-24.0023],[-48.9125,-23.9984],[-48.9109,-23.9966],[-48.9112,-23.994],[-48.9076,-23.9905],[-48.9042,-23.9889],[-48.9022,-23.9863],[-48.903,-23.9842],[-48.9061,-23.9826],[-48.911,-23.9813],[-48.9116,-23.9805],[-48.9128,-23.9791],[-48.9133,-23.9784],[-48.9133,-23.9784]]}},{"type":"Feature","properties":{"nome":"Rio Taquari","classe":"afluente","nome_ana":"Rio Taquari","dominio":"Estadual","area_montante_km2":1076.13},"geometry":{"type":"LineString","coordinates":[[-48.9386,-23.8905],[-48.9362,-23.887],[-48.9392,-23.8813],[-48.9424,-23.8806],[-48.9472,-23.8805],[-48.9493,-23.8791],[-48.9499,-23.8767],[-48.9482,-23.8681],[-48.9478,-23.8664],[-48.9478,-23.8663]]}},{"type":"Feature","properties":{"nome":"Rio Taquari","classe":"afluente","nome_ana":"Rio Taquari","dominio":"Estadual","area_montante_km2":4438.98},"geometry":{"type":"LineString","coordinates":[[-49.1919,-23.2973],[-49.1919,-23.297],[-49.1916,-23.2904],[-49.1915,-23.2884]]}},{"type":"Feature","properties":{"nome":"Rio Taquari","classe":"afluente","nome_ana":"Rio Taquari","dominio":"Estadual","area_montante_km2":2638.99},"geometry":{"type":"LineString","coordinates":[[-49.1517,-23.7261],[-49.1516,-23.726],[-49.1484,-23.7223],[-49.1471,-23.7187],[-49.1461,-23.7129],[-49.1438,-23.71],[-49.1393,-23.7078],[-49.1365,-23.702],[-49.1307,-23.7022],[-49.1298,-23.6992],[-49.1311,-23.6963],[-49.136,-23.6914],[-49.1364,-23.6892],[-49.1317,-23.6798],[-49.1314,-23.6776],[-49.1327,-23.6741],[-49.1323,-23.6705],[-49.1284,-23.6688],[-49.1268,-23.6665],[-49.1276,-23.6614],[-49.1279,-23.6597],[-49.1279,-23.6597]]}},{"type":"Feature","properties":{"nome":"Rio Tibagi","classe":"afluente","nome_ana":"Rio Tibagi","dominio":"Estadual","area_montante_km2":8930.37},"geometry":{"type":"LineString","coordinates":[[-50.3972,-24.5294],[-50.3972,-24.5289],[-50.3972,-24.5287],[-50.3972,-24.5251],[-50.3981,-24.5224],[-50.4005,-24.5198],[-50.403,-24.5185],[-50.4105,-24.5122],[-50.4125,-24.5088],[-50.4136,-24.5057],[-50.4144,-24.5035],[-50.4147,-24.5025]]}},{"type":"Feature","properties":{"nome":"Rio Tibagi","classe":"afluente","nome_ana":"Rio Tibagi","dominio":"Estadual","area_montante_km2":2518.57},"geometry":{"type":"LineString","coordinates":[[-50.2786,-25.139],[-50.2787,-25.1391],[-50.2824,-25.1413],[-50.2852,-25.1411],[-50.291,-25.1375],[-50.3012,-25.1381],[-50.312,-25.1328],[-50.3239,-25.1325],[-50.3394,-25.1233],[-50.3514,-25.1107],[-50.3583,-25.1077],[-50.3645,-25.1039],[-50.3678,-25.0968],[-50.3685,-25.0953],[-50.3687,-25.0948]]}},{"type":"Feature","properties":{"nome":"Rio Tibagi","classe":"afluente","nome_ana":"Rio Tibagi","dominio":"Estadual","area_montante_km2":427.283},"geometry":{"type":"LineString","coordinates":[[-49.9448,-25.3286],[-49.9451,-25.3286],[-49.9454,-25.3286],[-49.9464,-25.3286],[-49.9487,-25.3286],[-49.9526,-25.3265],[-49.9556,-25.3235],[-49.9621,-25.3231],[-49.9658,-25.321],[-49.9699,-25.3147],[-49.9759,-25.3184],[-49.9823,-25.3186],[-49.9865,-25.3161],[-49.9928,-25.3112],[-49.9978,-25.3089],[-49.9997,-25.308],[-50.0007,-25.3076]]}},{"type":"Feature","properties":{"nome":"Rio Tibagi","classe":"afluente","nome_ana":"Rio Tibagi","dominio":"Estadual","area_montante_km2":18501.2},"geometry":{"type":"LineString","coordinates":[[-50.8869,-23.6953],[-50.8848,-23.6953],[-50.8816,-23.6953],[-50.8809,-23.6927],[-50.8805,-23.6907]]}},{"type":"Feature","properties":{"nome":"Rio Tibagi","classe":"afluente","nome_ana":"Rio Tibagi","dominio":"Estadual","area_montante_km2":7664.55},"geometry":{"type":"LineString","coordinates":[[-50.376,-24.7072],[-50.3761,-24.7071],[-50.3766,-24.7065],[-50.3907,-24.6904],[-50.4019,-24.6792],[-50.4157,-24.6605],[-50.4264,-24.6481],[-50.4302,-24.6437]]}},{"type":"Feature","properties":{"nome":"Rio Tibagi","classe":"afluente","nome_ana":"Rio Tibagi","dominio":"Estadual","area_montante_km2":21747.2},"geometry":{"type":"LineString","coordinates":[[-51.0092,-23.3608],[-51.0091,-23.3606],[-51.0091,-23.3606],[-51.009,-23.3603],[-51.0072,-23.3562],[-50.9979,-23.3542],[-50.9898,-23.3558],[-50.9855,-23.3538],[-50.9824,-23.3492],[-50.9811,-23.3387],[-50.9808,-23.3364]]}},{"type":"Feature","properties":{"nome":"Rio Tibagi","classe":"afluente","nome_ana":"Rio Tibagi","dominio":"Estadual","area_montante_km2":17215.7},"geometry":{"type":"LineString","coordinates":[[-50.8736,-23.8607],[-50.8738,-23.8604],[-50.8757,-23.8589],[-50.8798,-23.8535],[-50.8821,-23.847],[-50.884,-23.8438],[-50.8868,-23.842],[-50.8961,-23.8395],[-50.8987,-23.8358],[-50.8987,-23.8279],[-50.8966,-23.825],[-50.8923,-23.8217],[-50.8906,-23.8186],[-50.89,-23.8139],[-50.8905,-23.8083],[-50.8917,-23.8033],[-50.8938,-23.7985],[-50.8969,-23.7954],[-50.9002,-23.7934],[-50.9019,-23.7924],[-50.902,-23.7923]]}},{"type":"Feature","properties":{"nome":"Rio Tibagi","classe":"afluente","nome_ana":"Rio Tibagi","dominio":"Estadual","area_montante_km2":7267.35},"geometry":{"type":"LineString","coordinates":[[-50.2946,-24.8493],[-50.295,-24.8488],[-50.2968,-24.846],[-50.2978,-24.8448],[-50.2979,-24.8448],[-50.2985,-24.8441],[-50.2996,-24.8428]]}},{"type":"Feature","properties":{"nome":"Rio Tibagi","classe":"afluente","nome_ana":"Rio Tibagi","dominio":"Estadual","area_montante_km2":16831.5},"geometry":{"type":"LineString","coordinates":[[-50.7437,-23.9894],[-50.7435,-23.9893],[-50.7406,-23.9867],[-50.7389,-23.9832],[-50.7388,-23.9796],[-50.7424,-23.9772],[-50.7524,-23.9746],[-50.7612,-23.9709],[-50.7656,-23.967],[-50.7662,-23.9627],[-50.7631,-23.9605],[-50.7568,-23.9621],[-50.7531,-23.9621],[-50.7506,-23.9614],[-50.7468,-23.9586],[-50.7413,-23.9529],[-50.7376,-23.9472],[-50.7356,-23.9403],[-50.7364,-23.9357],[-50.7384,-23.9336],[-50.7484,-23.9291],[-50.7575,-23.923],[-50.7613,-23.9212],[-50.7725,-23.9177],[-50.7761,-23.9155],[-50.778,-23.9134],[-50.7794,-23.9088],[-50.7835,-23.9031],[-50.7884,-23.9023],[-50.7915,-23.8996],[-50.7934,-23.895],[-50.795,-23.8885],[-50.7992,-23.8814],[-50.8053,-23.8762],[-50.8053,-23.8762],[-50.8057,-23.8758],[-50.8066,-23.8751]]}},{"type":"Feature","properties":{"nome":"Rio Tibagi","classe":"afluente","nome_ana":"Rio Tibagi","dominio":"Estadual","area_montante_km2":1222.61},"geometry":{"type":"LineString","coordinates":[[-50.0724,-25.2277],[-50.0724,-25.2187],[-50.0731,-25.2116],[-50.0747,-25.2072],[-50.0785,-25.2031],[-50.0839,-25.2004],[-50.0991,-25.199],[-50.1143,-25.1968],[-50.1296,-25.1918],[-50.1309,-25.1914]]}},{"type":"Feature","properties":{"nome":"Rio Tibagi","classe":"afluente","nome_ana":"Rio Tibagi","dominio":"Estadual","area_montante_km2":12778.7},"geometry":{"type":"LineString","coordinates":[[-50.5429,-24.4178],[-50.5433,-24.4176],[-50.5435,-24.4174],[-50.5534,-24.4098],[-50.5551,-24.4118],[-50.5556,-24.416],[-50.5548,-24.4199],[-50.565,-24.4182],[-50.5706,-24.4185],[-50.5752,-24.4179],[-50.5752,-24.4179],[-50.5759,-24.4178],[-50.5769,-24.4177]]}},{"type":"Feature","properties":{"nome":"Rio Tibagi","classe":"afluente","nome_ana":"Rio Tibagi","dominio":"Estadual","area_montante_km2":12865.7},"geometry":{"type":"LineString","coordinates":[[-50.5769,-24.4177],[-50.5829,-24.4148],[-50.5873,-24.4104],[-50.5875,-24.4101]]}},{"type":"Feature","properties":{"nome":"Rio Tibagi","classe":"afluente","nome_ana":"Rio Tibagi","dominio":"Estadual","area_montante_km2":14761.1},"geometry":{"type":"LineString","coordinates":[[-50.6993,-24.1983],[-50.7003,-24.1973],[-50.7006,-24.1971],[-50.7029,-24.1949],[-50.705,-24.1872],[-50.7034,-24.1845],[-50.6989,-24.1828],[-50.6936,-24.1787],[-50.6876,-24.177],[-50.6826,-24.1767],[-50.6788,-24.1745],[-50.6779,-24.174],[-50.6778,-24.174]]}},{"type":"Feature","properties":{"nome":"Rio Tibagi","classe":"afluente","nome_ana":"Rio Tibagi","dominio":"Estadual","area_montante_km2":22423.4},"geometry":{"type":"LineString","coordinates":[[-50.9655,-23.2108],[-50.9663,-23.1968],[-50.9603,-23.185],[-50.9544,-23.1784],[-50.954,-23.1729],[-50.9587,-23.1679],[-50.9614,-23.1644],[-50.963,-23.1605],[-50.9618,-23.1551],[-50.9599,-23.1481],[-50.9603,-23.1423],[-50.9676,-23.1419],[-50.9715,-23.1446],[-50.9804,-23.1477],[-50.9874,-23.1489],[-50.9896,-23.1488],[-50.9945,-23.1487],[-50.9948,-23.1487]]}},{"type":"Feature","properties":{"nome":"Rio Tibagi","classe":"afluente","nome_ana":"Rio Tibagi","dominio":"Estadual","area_montante_km2":20733},"geometry":{"type":"LineString","coordinates":[[-50.9291,-23.4777],[-50.9287,-23.4766],[-50.9285,-23.4762],[-50.9284,-23.4759],[-50.9212,-23.4565],[-50.924,-23.448],[-50.929,-23.4476],[-50.9368,-23.4515],[-50.9461,-23.4565],[-50.9558,-23.4596],[-50.962,-23.4596],[-50.9647,-23.4565],[-50.9663,-23.4534],[-50.9612,-23.4433],[-50.9604,-23.4348],[-50.9585,-23.4254],[-50.9559,-23.4178],[-50.9559,-23.4178],[-50.9556,-23.4172],[-50.9554,-23.4165]]}},{"type":"Feature","properties":{"nome":"Rio Tibagi","classe":"afluente","nome_ana":"Rio Tibagi","dominio":"Estadual","area_montante_km2":5728.69},"geometry":{"type":"LineString","coordinates":[[-50.4222,-25.0087],[-50.4221,-25.0087],[-50.422,-25.0087],[-50.4202,-25.0086],[-50.4139,-25.0083],[-50.4102,-25.0059],[-50.4083,-25.002],[-50.4084,-24.9969],[-50.4059,-24.9946],[-50.3961,-24.992],[-50.3903,-24.9884],[-50.3873,-24.9848],[-50.3874,-24.9809],[-50.3906,-24.9773],[-50.4039,-24.9671],[-50.4062,-24.9637],[-50.4041,-24.9609],[-50.3994,-24.9582],[-50.389,-24.9565],[-50.3833,-24.9531],[-50.3845,-24.9496],[-50.3886,-24.9449],[-50.3887,-24.9448],[-50.3887,-24.9448]]}},{"type":"Feature","properties":{"nome":"Rio Tibagi","classe":"afluente","nome_ana":"Rio Tibagi","dominio":"Estadual","area_montante_km2":6176.21},"geometry":{"type":"LineString","coordinates":[[-50.3195,-24.8959],[-50.3197,-24.8955],[-50.3218,-24.8913],[-50.3346,-24.886],[-50.3359,-24.8826],[-50.3321,-24.8784],[-50.3297,-24.877],[-50.32,-24.8737],[-50.315,-24.8668],[-50.3144,-24.8633],[-50.3169,-24.8603],[-50.3292,-24.867],[-50.3336,-24.8689],[-50.338,-24.8695],[-50.341,-24.8688],[-50.3427,-24.8669],[-50.3434,-24.8574],[-50.3446,-24.8534],[-50.3476,-24.8498],[-50.3533,-24.8464],[-50.3552,-24.8421]]}},{"type":"Feature","properties":{"nome":"Rio Tibagi","classe":"afluente","nome_ana":"Rio Tibagi","dominio":"Estadual","area_montante_km2":24949.9},"geometry":{"type":"LineString","coordinates":[[-50.9717,-22.8354],[-50.972,-22.835],[-50.9723,-22.8345],[-50.983,-22.8172],[-50.9952,-22.8042],[-50.9954,-22.804]]}},{"type":"Feature","properties":{"nome":"Rio Tibagi","classe":"afluente","nome_ana":"Rio Tibagi","dominio":"Estadual","area_montante_km2":7583.39},"geometry":{"type":"LineString","coordinates":[[-50.3554,-24.7385],[-50.3589,-24.7374],[-50.363,-24.7334],[-50.3548,-24.7311],[-50.3544,-24.7283],[-50.3587,-24.7228],[-50.374,-24.7094],[-50.3745,-24.7089],[-50.376,-24.7072]]}},{"type":"Feature","properties":{"nome":"Rio Taquari","classe":"afluente","nome_ana":"Rio Taquari","dominio":"Estadual","area_montante_km2":257.964},"geometry":{"type":"LineString","coordinates":[[-48.9074,-24.255],[-48.9074,-24.2545],[-48.9075,-24.2516],[-48.9121,-24.2431],[-48.9156,-24.2293],[-48.9186,-24.2262],[-48.9267,-24.2228],[-48.9311,-24.2203],[-48.937,-24.2115],[-48.9405,-24.2074],[-48.9443,-24.2064],[-48.9565,-24.2069],[-48.9576,-24.2043],[-48.9546,-24.1973],[-48.9556,-24.1929],[-48.9589,-24.1922],[-48.9646,-24.1889],[-48.9653,-24.1885],[-48.9659,-24.1881]]}},{"type":"Feature","properties":{"nome":"Rio Taquari","classe":"afluente","nome_ana":"Rio Taquari","dominio":"Estadual","area_montante_km2":3758.75},"geometry":{"type":"LineString","coordinates":[[-49.2046,-23.4187],[-49.2049,-23.4178],[-49.205,-23.4175],[-49.2063,-23.4138],[-49.2046,-23.4073],[-49.2046,-23.4029],[-49.2119,-23.3976],[-49.2132,-23.3879],[-49.214,-23.385],[-49.2079,-23.3846],[-49.201,-23.3822],[-49.1998,-23.3765],[-49.2072,-23.3716],[-49.2081,-23.371],[-49.2083,-23.3708]]}},{"type":"Feature","properties":{"nome":"Rio Tibagi","classe":"afluente","nome_ana":"Rio Tibagi","dominio":"Estadual","area_montante_km2":23061.8},"geometry":{"type":"LineString","coordinates":[[-50.9872,-23.0423],[-50.9845,-23.042],[-50.9799,-23.0415],[-50.9713,-23.045],[-50.9636,-23.0458],[-50.9546,-23.0419],[-50.9469,-23.0388],[-50.9422,-23.0349],[-50.9406,-23.0264],[-50.9496,-23.0159],[-50.9546,-23.0097],[-50.9542,-22.9996],[-50.948,-22.9895],[-50.9474,-22.9804],[-50.9472,-22.9779]]}},{"type":"Feature","properties":{"nome":"Rio Tibagi","classe":"afluente","nome_ana":"Rio Tibagi","dominio":"Estadual","area_montante_km2":12643.5},"geometry":{"type":"LineString","coordinates":[[-50.4849,-24.4692],[-50.4849,-24.4692],[-50.4849,-24.4687],[-50.4854,-24.4657],[-50.4939,-24.4564],[-50.5029,-24.4527],[-50.5091,-24.4432],[-50.5127,-24.4388],[-50.5148,-24.4373],[-50.5178,-24.4366],[-50.5214,-24.4392],[-50.5243,-24.4394],[-50.5281,-24.4368],[-50.5338,-24.43],[-50.5429,-24.4178],[-50.5429,-24.4178]]}},{"type":"Feature","properties":{"nome":"Rio Tibagi","classe":"afluente","nome_ana":"Rio Tibagi","dominio":"Estadual","area_montante_km2":16131.1},"geometry":{"type":"LineString","coordinates":[[-50.6892,-24.0407],[-50.6889,-24.0397],[-50.6883,-24.0378],[-50.6885,-24.0341],[-50.6905,-24.0289],[-50.694,-24.0257],[-50.698,-24.0263],[-50.6994,-24.0265]]}},{"type":"Feature","properties":{"nome":"Rio Tibagi","classe":"afluente","nome_ana":"Rio Tibagi","dominio":"Estadual","area_montante_km2":21196.4},"geometry":{"type":"LineString","coordinates":[[-50.9975,-23.3837],[-50.9978,-23.383],[-50.9979,-23.3828],[-51.0041,-23.3678],[-51.0092,-23.3608]]}},{"type":"Feature","properties":{"nome":"Rio Tibagi","classe":"afluente","nome_ana":"Rio Tibagi","dominio":"Estadual","area_montante_km2":1473.22},"geometry":{"type":"LineString","coordinates":[[-50.1601,-25.184],[-50.1602,-25.184],[-50.1616,-25.1804],[-50.1616,-25.1752],[-50.1639,-25.1715],[-50.1659,-25.1699],[-50.1708,-25.1688],[-50.1786,-25.1742],[-50.1809,-25.1756],[-50.1853,-25.1771],[-50.1898,-25.1774],[-50.1948,-25.1766],[-50.2098,-25.1697],[-50.2106,-25.1694],[-50.2108,-25.1693]]}},{"type":"Feature","properties":{"nome":"Rio Tibagi","classe":"afluente","nome_ana":"Rio Tibagi","dominio":"Estadual","area_montante_km2":24620.7},"geometry":{"type":"LineString","coordinates":[[-50.9472,-22.9779],[-50.9473,-22.9778],[-50.9492,-22.9697],[-50.9719,-22.9614],[-50.9769,-22.9579],[-50.9781,-22.9532],[-50.9766,-22.9462],[-50.97,-22.9403],[-50.9684,-22.9389]]}},{"type":"Feature","properties":{"nome":"Rio Tibagi","classe":"afluente","nome_ana":"Rio Tibagi","dominio":"Estadual","area_montante_km2":18815},"geometry":{"type":"LineString","coordinates":[[-50.8805,-23.6907],[-50.8806,-23.6903],[-50.8821,-23.6864],[-50.8912,-23.6745],[-50.8945,-23.6731],[-50.9079,-23.6735],[-50.9126,-23.6729],[-50.9167,-23.6705],[-50.9229,-23.6631],[-50.9243,-23.6598],[-50.9243,-23.6508],[-50.9256,-23.6486],[-50.9278,-23.6403],[-50.9285,-23.6295],[-50.9336,-23.6232],[-50.936,-23.6153],[-50.936,-23.6111],[-50.9369,-23.6076],[-50.94,-23.6064],[-50.9465,-23.6043],[-50.947,-23.6042],[-50.9472,-23.6041]]}},{"type":"Feature","properties":{"nome":"Rio Tibagi","classe":"afluente","nome_ana":"Rio Tibagi","dominio":"Estadual","area_montante_km2":18974.2},"geometry":{"type":"LineString","coordinates":[[-50.9472,-23.6041],[-50.9474,-23.6038],[-50.9477,-23.6033],[-50.9523,-23.5955],[-50.9519,-23.5924],[-50.948,-23.5897],[-50.943,-23.5873],[-50.9395,-23.5858],[-50.9348,-23.5815],[-50.9344,-23.5664],[-50.936,-23.5578],[-50.9418,-23.5504],[-50.9461,-23.5419],[-50.9539,-23.538],[-50.9527,-23.5295],[-50.953,-23.5223],[-50.9531,-23.5206]]}},{"type":"Feature","properties":{"nome":"Rio Tibagi","classe":"afluente","nome_ana":"Rio Tibagi","dominio":"Estadual","area_montante_km2":12461.1},"geometry":{"type":"LineString","coordinates":[[-50.4612,-24.4652],[-50.4616,-24.466],[-50.4641,-24.4713],[-50.4679,-24.4733],[-50.4739,-24.4667],[-50.4767,-24.4671],[-50.4792,-24.471],[-50.483,-24.4698],[-50.4845,-24.4693],[-50.4849,-24.4692]]}},{"type":"Feature","properties":{"nome":"Rio Tibagi","classe":"afluente","nome_ana":"Rio Tibagi","dominio":"Estadual","area_montante_km2":4809.87},"geometry":{"type":"LineString","coordinates":[[-50.4498,-25.0255],[-50.4498,-25.0209],[-50.4498,-25.0174],[-50.4476,-25.0152],[-50.4434,-25.0172],[-50.4377,-25.0179],[-50.434,-25.0176],[-50.4291,-25.016],[-50.4266,-25.0143],[-50.4265,-25.0101],[-50.4222,-25.0087]]}},{"type":"Feature","properties":{"nome":"Rio Tibagi","classe":"afluente","nome_ana":"Rio Tibagi","dominio":"Estadual","area_montante_km2":17858.2},"geometry":{"type":"LineString","coordinates":[[-50.902,-23.7923],[-50.9021,-23.792],[-50.9031,-23.7863],[-50.9044,-23.7841],[-50.9042,-23.7791],[-50.903,-23.7758],[-50.8997,-23.7725],[-50.8947,-23.7705],[-50.8844,-23.7679],[-50.8813,-23.7644],[-50.88,-23.7599],[-50.8818,-23.7561],[-50.8841,-23.7529],[-50.8872,-23.7507],[-50.8897,-23.7502],[-50.8941,-23.7469],[-50.8957,-23.7447],[-50.8963,-23.7403],[-50.897,-23.7389],[-50.8975,-23.7379],[-50.8979,-23.7371],[-50.8985,-23.7361]]}},{"type":"Feature","properties":{"nome":"Rio Tibagi","classe":"afluente","nome_ana":"Rio Tibagi","dominio":"Estadual","area_montante_km2":22574.3},"geometry":{"type":"LineString","coordinates":[[-50.9948,-23.1487],[-50.9945,-23.1482],[-50.9943,-23.1479],[-50.9909,-23.1419],[-50.9866,-23.1364],[-50.9789,-23.1326],[-50.9727,-23.1302],[-50.9665,-23.1213],[-50.9649,-23.117],[-50.9571,-23.1155],[-50.9505,-23.1132],[-50.9486,-23.1081],[-50.9517,-23.1031],[-50.9614,-23.0996],[-50.97,-23.0965],[-50.9769,-23.0922]]}},{"type":"Feature","properties":{"nome":"Rio Tibagi","classe":"afluente","nome_ana":"Rio Tibagi","dominio":"Estadual","area_montante_km2":7474.5},"geometry":{"type":"LineString","coordinates":[[-50.3244,-24.7584],[-50.3247,-24.7579],[-50.3263,-24.7543],[-50.3294,-24.7508],[-50.3355,-24.7483],[-50.3423,-24.742],[-50.3466,-24.7401],[-50.3546,-24.7387],[-50.3553,-24.7385],[-50.3554,-24.7385]]}},{"type":"Feature","properties":{"nome":"Rio Tibagi","classe":"afluente","nome_ana":"Rio Tibagi","dominio":"Estadual","area_montante_km2":7357.46},"geometry":{"type":"LineString","coordinates":[[-50.2996,-24.8428],[-50.3025,-24.8395],[-50.3022,-24.8369],[-50.3006,-24.8351],[-50.2951,-24.8307],[-50.2964,-24.8283],[-50.2947,-24.8192],[-50.3016,-24.8074],[-50.3034,-24.7982],[-50.302,-24.789],[-50.3003,-24.7832],[-50.3001,-24.7824]]}},{"type":"Feature","properties":{"nome":"Rio Tibagi","classe":"afluente","nome_ana":"Rio Tibagi","dominio":"Estadual","area_montante_km2":8506.58},"geometry":{"type":"LineString","coordinates":[[-50.4302,-24.6437],[-50.4303,-24.6435],[-50.4304,-24.6433],[-50.4307,-24.6429],[-50.4335,-24.6377],[-50.4339,-24.637],[-50.4341,-24.6365]]}},{"type":"Feature","properties":{"nome":"Rio Tibagi","classe":"afluente","nome_ana":"Rio Tibagi","dominio":"Estadual","area_montante_km2":20494.3},"geometry":{"type":"LineString","coordinates":[[-50.9501,-23.5157],[-50.9501,-23.5153],[-50.9507,-23.5105],[-50.9457,-23.5046],[-50.9383,-23.4876],[-50.9291,-23.4777]]}},{"type":"Feature","properties":{"nome":"Rio Tibagi","classe":"afluente","nome_ana":"Rio Tibagi","dominio":"Estadual","area_montante_km2":919.152},"geometry":{"type":"LineString","coordinates":[[-50.0775,-25.2534],[-50.0775,-25.2528],[-50.0775,-25.251],[-50.0723,-25.2424],[-50.0705,-25.238],[-50.0724,-25.2308],[-50.0724,-25.2299],[-50.0724,-25.2279],[-50.0724,-25.2277]]}},{"type":"Feature","properties":{"nome":"Rio Tibagi","classe":"afluente","nome_ana":"Rio Tibagi","dominio":"Estadual","area_montante_km2":18446.2},"geometry":{"type":"LineString","coordinates":[[-50.8985,-23.7361],[-50.9072,-23.7316],[-50.9141,-23.724],[-50.9173,-23.7171],[-50.9165,-23.7112],[-50.9109,-23.7075],[-50.9048,-23.7001],[-50.9007,-23.6974],[-50.896,-23.6985],[-50.8935,-23.6977],[-50.891,-23.6959],[-50.887,-23.6954],[-50.8869,-23.6953]]}},{"type":"Feature","properties":{"nome":"Rio Tibagi","classe":"afluente","nome_ana":"Rio Tibagi","dominio":"Estadual","area_montante_km2":5993.12},"geometry":{"type":"LineString","coordinates":[[-50.3887,-24.9448],[-50.3919,-24.94],[-50.3889,-24.9377],[-50.3847,-24.9374],[-50.3776,-24.9381],[-50.3746,-24.9368],[-50.3744,-24.9301],[-50.3707,-24.9268],[-50.3655,-24.9262],[-50.3626,-24.9252],[-50.3601,-24.9217],[-50.3598,-24.9168],[-50.3583,-24.9145],[-50.3543,-24.9119],[-50.3485,-24.9107],[-50.3443,-24.9088],[-50.3413,-24.9041],[-50.3394,-24.8996],[-50.3344,-24.8963],[-50.3271,-24.9004],[-50.3243,-24.9004],[-50.3203,-24.8984],[-50.3198,-24.8967],[-50.3197,-24.8966],[-50.3195,-24.8959]]}},{"type":"Feature","properties":{"nome":"Rio Tibagi","classe":"afluente","nome_ana":"Rio Tibagi","dominio":"Estadual","area_montante_km2":21891.8},"geometry":{"type":"LineString","coordinates":[[-50.9808,-23.3364],[-50.9812,-23.3356],[-50.9813,-23.3353],[-50.9855,-23.3255],[-50.9901,-23.3181],[-50.994,-23.3135],[-50.9932,-23.3107],[-50.987,-23.31],[-50.9797,-23.3119],[-50.97,-23.3076],[-50.9669,-23.3038],[-50.9667,-23.2919],[-50.9752,-23.2768],[-50.9842,-23.2697],[-50.9853,-23.2687],[-50.9854,-23.2687],[-50.9856,-23.2685]]}},{"type":"Feature","properties":{"nome":"Rio Taquari","classe":"afluente","nome_ana":"Rio Taquari","dominio":"Estadual","area_montante_km2":90.6983},"geometry":{"type":"LineString","coordinates":[[-48.8772,-24.4111],[-48.8743,-24.3921],[-48.8742,-24.3807],[-48.8763,-24.375],[-48.8801,-24.3709],[-48.8813,-24.3653],[-48.8792,-24.3552],[-48.881,-24.3466],[-48.8807,-24.3417],[-48.882,-24.3394],[-48.8858,-24.3334],[-48.8859,-24.3306],[-48.8891,-24.3274],[-48.8885,-24.3225],[-48.8943,-24.3193],[-48.8937,-24.3148],[-48.8956,-24.3128],[-48.8991,-24.3117],[-48.8989,-24.3065],[-48.8953,-24.2964],[-48.895,-24.2929],[-48.8964,-24.2883],[-48.9021,-24.2763],[-48.904,-24.2651],[-48.907,-24.2633],[-48.907,-24.2633]]}},{"type":"Feature","properties":{"nome":"Rio Tibagi","classe":"afluente","nome_ana":"Rio Tibagi","dominio":"Estadual","area_montante_km2":24838.2},"geometry":{"type":"LineString","coordinates":[[-50.9684,-22.9389],[-50.9684,-22.9388],[-50.968,-22.9386],[-50.9679,-22.9385],[-50.9568,-22.9315],[-50.9459,-22.9264],[-50.9377,-22.9194],[-50.928,-22.9016],[-50.9284,-22.8868],[-50.9389,-22.8729],[-50.9436,-22.8639],[-50.962,-22.8478],[-50.9709,-22.8364],[-50.9717,-22.8354]]}},{"type":"Feature","properties":{"nome":"Rio Tibagi","classe":"afluente","nome_ana":"Rio Tibagi","dominio":"Estadual","area_montante_km2":8733.13},"geometry":{"type":"LineString","coordinates":[[-50.4294,-24.6172],[-50.4293,-24.6164],[-50.429,-24.6131],[-50.4264,-24.609],[-50.421,-24.6037],[-50.4185,-24.5995],[-50.4162,-24.5914],[-50.4148,-24.5831],[-50.4133,-24.5814],[-50.4129,-24.5811],[-50.4129,-24.581]]}},{"type":"Feature","properties":{"nome":"Rio Tibagi","classe":"afluente","nome_ana":"Rio Tibagi","dominio":"Estadual","area_montante_km2":20840.1},"geometry":{"type":"LineString","coordinates":[[-50.9554,-23.4165],[-50.9754,-23.4163],[-50.9851,-23.4163],[-50.9893,-23.4089],[-50.9896,-23.4085],[-50.9898,-23.4082]]}},{"type":"Feature","properties":{"nome":"Rio Tibagi","classe":"afluente","nome_ana":"Rio Tibagi","dominio":"Estadual","area_montante_km2":7421.66},"geometry":{"type":"LineString","coordinates":[[-50.3001,-24.7824],[-50.3003,-24.7822],[-50.301,-24.7818],[-50.3036,-24.7801],[-50.3098,-24.7741],[-50.3198,-24.7666],[-50.3225,-24.7626],[-50.3242,-24.7589],[-50.3244,-24.7584]]}},{"type":"Feature","properties":{"nome":"Rio Tibagi","classe":"afluente","nome_ana":"Rio Tibagi","dominio":"Estadual","area_montante_km2":20858.8},"geometry":{"type":"LineString","coordinates":[[-50.9898,-23.4082],[-50.9899,-23.4078],[-50.9944,-23.3958],[-50.9969,-23.386],[-50.9975,-23.3837]]}},{"type":"Feature","properties":{"nome":"Rio Tibagi","classe":"afluente","nome_ana":"Rio Tibagi","dominio":"Estadual","area_montante_km2":14596.2},"geometry":{"type":"LineString","coordinates":[[-50.7149,-24.2637],[-50.7116,-24.2621],[-50.7116,-24.2621],[-50.7018,-24.2621],[-50.6987,-24.2614],[-50.6962,-24.2601],[-50.6906,-24.2547],[-50.6902,-24.2505],[-50.6947,-24.2455],[-50.7049,-24.245],[-50.7036,-24.2393],[-50.7016,-24.235],[-50.6997,-24.2327],[-50.6961,-24.2327],[-50.6876,-24.2379],[-50.6802,-24.2383],[-50.6765,-24.2367],[-50.6759,-24.2335],[-50.679,-24.2292],[-50.6875,-24.2232],[-50.6875,-24.2194],[-50.6818,-24.2098],[-50.6817,-24.2096],[-50.6816,-24.2096]]}},{"type":"Feature","properties":{"nome":"Rio Tibagi","classe":"afluente","nome_ana":"Rio Tibagi","dominio":"Estadual","area_montante_km2":14495.6},"geometry":{"type":"LineString","coordinates":[[-50.6931,-24.2797],[-50.6932,-24.2796],[-50.6947,-24.277],[-50.6929,-24.2719],[-50.6937,-24.269],[-50.6965,-24.2687],[-50.7059,-24.2722],[-50.7106,-24.2719],[-50.7163,-24.2682],[-50.7161,-24.2676],[-50.7155,-24.2656],[-50.7149,-24.2637]]}},{"type":"Feature","properties":{"nome":"Rio Taquari","classe":"afluente","nome_ana":"Rio Taquari","dominio":"Estadual","area_montante_km2":1287.54},"geometry":{"type":"LineString","coordinates":[[-48.9478,-23.8663],[-48.9479,-23.8662],[-48.9479,-23.8662],[-48.9501,-23.863],[-48.9552,-23.8601],[-48.9584,-23.8568],[-48.9631,-23.8541],[-48.9705,-23.8511],[-48.9738,-23.8481],[-48.9736,-23.8403],[-48.9735,-23.8387],[-48.9735,-23.8381]]}},{"type":"Feature","properties":{"nome":"Rio Verde","classe":"afluente","nome_ana":"Rio Verde","dominio":"Estadual","area_montante_km2":990.818},"geometry":{"type":"LineString","coordinates":[[-49.3274,-23.777],[-49.3278,-23.7767],[-49.3307,-23.7749],[-49.335,-23.7741],[-49.3428,-23.7693],[-49.3519,-23.7692],[-49.3525,-23.7692]]}},{"type":"Feature","properties":{"nome":"Rio Verde","classe":"afluente","nome_ana":"Rio Verde","dominio":"Estadual","area_montante_km2":2010.05},"geometry":{"type":"LineString","coordinates":[[-49.5683,-23.5],[-49.5734,-23.491],[-49.5836,-23.4836],[-49.5925,-23.4817],[-49.6024,-23.4725],[-49.6037,-23.4713]]}},{"type":"Feature","properties":{"nome":"Rio Verde","classe":"afluente","nome_ana":"Rio Verde","dominio":"Estadual","area_montante_km2":317.269},"geometry":{"type":"LineString","coordinates":[[-49.2046,-24.1021],[-49.2045,-24.102],[-49.2045,-24.102],[-49.2045,-24.102],[-49.2026,-24.1002],[-49.2011,-24.0975],[-49.1974,-24.0855],[-49.1966,-24.0811],[-49.1968,-24.078],[-49.1992,-24.0699],[-49.1921,-24.0606],[-49.191,-24.0585],[-49.19,-24.0534],[-49.19,-24.0491],[-49.19,-24.0473]]}},{"type":"Feature","properties":{"nome":"Rio Verde","classe":"afluente","nome_ana":"Rio Verde","dominio":"Estadual","area_montante_km2":1151.29},"geometry":{"type":"LineString","coordinates":[[-49.3786,-23.7555],[-49.3792,-23.7554],[-49.3795,-23.7553],[-49.3849,-23.7543],[-49.388,-23.7523],[-49.3892,-23.7489],[-49.3889,-23.7447],[-49.3894,-23.7413],[-49.3927,-23.7411],[-49.3974,-23.7432],[-49.3998,-23.7477],[-49.4056,-23.7473],[-49.4061,-23.7421],[-49.4069,-23.74],[-49.4093,-23.7384],[-49.4139,-23.737],[-49.4162,-23.735],[-49.4178,-23.7316],[-49.4178,-23.7304],[-49.4179,-23.7271]]}},{"type":"Feature","properties":{"nome":"Rio Verde","classe":"afluente","nome_ana":"Rio Verde","dominio":"Estadual","area_montante_km2":1674.12},"geometry":{"type":"LineString","coordinates":[[-49.4855,-23.6278],[-49.4853,-23.6274],[-49.485,-23.627],[-49.4841,-23.6256],[-49.4901,-23.6245],[-49.4928,-23.6206],[-49.4965,-23.6214],[-49.5043,-23.6248],[-49.509,-23.6229],[-49.5081,-23.6173],[-49.513,-23.6162],[-49.5166,-23.6168],[-49.5191,-23.6163],[-49.5215,-23.6146],[-49.5226,-23.6109],[-49.5339,-23.6037],[-49.537,-23.5962],[-49.5417,-23.5755],[-49.5452,-23.5649],[-49.5499,-23.543],[-49.5589,-23.5176],[-49.5674,-23.5017],[-49.5678,-23.501],[-49.5683,-23.5]]}},{"type":"Feature","properties":{"nome":"Rio Verde","classe":"afluente","nome_ana":"Rio Verde","dominio":"Estadual","area_montante_km2":1538.52},"geometry":{"type":"LineString","coordinates":[[-49.4672,-23.7043],[-49.4674,-23.7037],[-49.4677,-23.7027],[-49.4683,-23.7007],[-49.4671,-23.6944],[-49.4689,-23.6904],[-49.4735,-23.6884],[-49.4762,-23.6841],[-49.479,-23.6832],[-49.484,-23.6836],[-49.4862,-23.6819],[-49.4901,-23.6812],[-49.494,-23.6842],[-49.4977,-23.6846],[-49.5002,-23.684],[-49.504,-23.6819],[-49.5101,-23.6769],[-49.5162,-23.6703],[-49.5182,-23.6658],[-49.5179,-23.6632],[-49.5167,-23.6607],[-49.5182,-23.6554],[-49.5159,-23.6541],[-49.5085,-23.653],[-49.5006,-23.6496],[-49.4918,-23.6496],[-49.4897,-23.6471],[-49.4937,-23.6404],[-49.4974,-23.6408],[-49.5004,-23.64],[-49.5011,-23.6358],[-49.498,-23.6329],[-49.4942,-23.6309],[-49.488,-23.6291],[-49.4874,-23.6288],[-49.4855,-23.6278]]}},{"type":"Feature","properties":{"nome":"Rio Verde","classe":"afluente","nome_ana":"Rio Verde","dominio":"Estadual","area_montante_km2":922.343},"geometry":{"type":"LineString","coordinates":[[-49.2873,-23.8255],[-49.2874,-23.8254],[-49.2875,-23.8253],[-49.2904,-23.8223],[-49.2905,-23.8181],[-49.2883,-23.8143],[-49.2896,-23.8109],[-49.2925,-23.8093],[-49.2951,-23.8091],[-49.3022,-23.8053],[-49.3053,-23.8062],[-49.3091,-23.8082],[-49.3122,-23.8087],[-49.3138,-23.806],[-49.3138,-23.8037],[-49.3148,-23.8014],[-49.3197,-23.7978],[-49.3202,-23.7948],[-49.319,-23.7915],[-49.3243,-23.789],[-49.3309,-23.7882],[-49.3364,-23.7827],[-49.335,-23.7797],[-49.3313,-23.7801],[-49.3277,-23.7805],[-49.3275,-23.7787],[-49.3274,-23.7772],[-49.3274,-23.777]]}},{"type":"Feature","properties":{"nome":"Rio Verde","classe":"afluente","nome_ana":"Rio Verde","dominio":"Estadual","area_montante_km2":1279.55},"geometry":{"type":"LineString","coordinates":[[-49.4179,-23.7271],[-49.4184,-23.727],[-49.4187,-23.7269],[-49.4207,-23.7264],[-49.4212,-23.7265],[-49.4233,-23.7269],[-49.4239,-23.7314],[-49.4223,-23.7335],[-49.4222,-23.736],[-49.4249,-23.7374],[-49.4289,-23.7359],[-49.4283,-23.733],[-49.4285,-23.7298],[-49.4322,-23.7286],[-49.4385,-23.7301],[-49.4435,-23.7261],[-49.4395,-23.7207],[-49.4477,-23.7189],[-49.4505,-23.7156],[-49.4502,-23.7126],[-49.4514,-23.7099],[-49.4572,-23.7072],[-49.4638,-23.706],[-49.4652,-23.7053],[-49.4666,-23.7046],[-49.4672,-23.7043]]}},{"type":"Feature","properties":{"nome":"Rio Verde","classe":"afluente","nome_ana":"Rio Verde","dominio":"Estadual","area_montante_km2":417.193},"geometry":{"type":"LineString","coordinates":[[-49.19,-24.0473],[-49.1901,-24.047],[-49.1928,-24.0365],[-49.1961,-24.031],[-49.2004,-24.0286],[-49.2037,-24.0255],[-49.2075,-24.0237],[-49.2073,-24.0214],[-49.2038,-24.0202],[-49.2048,-24.0084],[-49.2046,-24.004],[-49.2035,-24.0007],[-49.2013,-23.9968],[-49.196,-23.9925],[-49.197,-23.9896],[-49.2047,-23.9854],[-49.2055,-23.9795],[-49.2078,-23.9774],[-49.2106,-23.9764],[-49.2161,-23.9769],[-49.2191,-23.9772],[-49.2198,-23.9773]]}},{"type":"Feature","properties":{"nome":"Rio Verde","classe":"afluente","nome_ana":"Rio Verde","dominio":"Estadual","area_montante_km2":1037.4},"geometry":{"type":"LineString","coordinates":[[-49.3525,-23.7692],[-49.3527,-23.7691],[-49.3554,-23.7677],[-49.3562,-23.7652],[-49.3556,-23.7629],[-49.3529,-23.7608],[-49.3538,-23.757],[-49.3608,-23.7565],[-49.3656,-23.7583],[-49.3692,-23.7613],[-49.3698,-23.7637],[-49.3696,-23.7667],[-49.3743,-23.7692],[-49.3782,-23.7682],[-49.3784,-23.7655],[-49.3771,-23.7618],[-49.3769,-23.758],[-49.3772,-23.7577],[-49.3786,-23.7555]]}},{"type":"Feature","properties":{"nome":"Rio Turvo","classe":"afluente","nome_ana":"Rio Turvo","dominio":"Estadual","area_montante_km2":313.537},"geometry":{"type":"LineString","coordinates":[[-49.1851,-22.5796],[-49.1853,-22.5795],[-49.1854,-22.5795],[-49.1942,-22.5741],[-49.1972,-22.5736],[-49.1989,-22.5736],[-49.2003,-22.5735],[-49.2014,-22.5735]]}},{"type":"Feature","properties":{"nome":"Rio Turvo","classe":"afluente","nome_ana":"Rio Turvo","dominio":"Estadual","area_montante_km2":64.0899},"geometry":{"type":"LineString","coordinates":[[-49.0539,-22.5696],[-49.0541,-22.5698],[-49.0623,-22.5775],[-49.0697,-22.5819],[-49.073,-22.5829],[-49.0744,-22.5833]]}},{"type":"Feature","properties":{"nome":"Rio Turvo","classe":"afluente","nome_ana":"Rio Turvo","dominio":"Estadual","area_montante_km2":2878.31},"geometry":{"type":"LineString","coordinates":[[-49.6664,-22.7658],[-49.6706,-22.7655],[-49.6716,-22.7619],[-49.6753,-22.762],[-49.677,-22.7638],[-49.6785,-22.7669],[-49.6794,-22.7711],[-49.6818,-22.7757],[-49.6841,-22.778],[-49.6885,-22.7805],[-49.6973,-22.7821],[-49.7048,-22.7809],[-49.7105,-22.7809],[-49.7131,-22.7821],[-49.7185,-22.7889],[-49.7194,-22.7893],[-49.7214,-22.7903],[-49.7218,-22.7905]]}},{"type":"Feature","properties":{"nome":"Rio Turvo","classe":"afluente","nome_ana":"Rio Turvo","dominio":"Estadual","area_montante_km2":516.255},"geometry":{"type":"LineString","coordinates":[[-49.2472,-22.5845],[-49.2504,-22.5858],[-49.2693,-22.5902],[-49.2716,-22.5932],[-49.2795,-22.5948],[-49.2802,-22.5949],[-49.281,-22.5951],[-49.2814,-22.5952]]}},{"type":"Feature","properties":{"nome":"Rio Turvo","classe":"afluente","nome_ana":"Rio Turvo","dominio":"Estadual","area_montante_km2":1139.04},"geometry":{"type":"LineString","coordinates":[[-49.4489,-22.6801],[-49.4526,-22.6773],[-49.4553,-22.6794],[-49.4657,-22.6798],[-49.4677,-22.6801],[-49.4686,-22.6802],[-49.4691,-22.6803]]}},{"type":"Feature","properties":{"nome":"Rio Turvo","classe":"afluente","nome_ana":"Rio Turvo","dominio":"Estadual","area_montante_km2":52.7302},"geometry":{"type":"LineString","coordinates":[[-47.8728,-24.0544],[-47.8756,-24.0519],[-47.8786,-24.0485],[-47.8799,-24.0466],[-47.8819,-24.043],[-47.8825,-24.04],[-47.8831,-24.0371],[-47.884,-24.0341],[-47.8847,-24.0312],[-47.8859,-24.0282],[-47.887,-24.0253],[-47.8877,-24.0223],[-47.889,-24.0174],[-47.8905,-24.0149],[-47.8943,-24.0135],[-47.8994,-24.012],[-47.9013,-24.0103],[-47.903,-24.0079],[-47.9042,-24.0053],[-47.9035,-24.0029],[-47.9032,-24.0003],[-47.9034,-23.9972],[-47.9094,-23.9905],[-47.9159,-23.9866],[-47.9223,-23.9852],[-47.9258,-23.9802],[-47.9311,-23.9762],[-47.9367,-23.9756],[-47.9439,-23.9763],[-47.9495,-23.9756],[-47.9546,-23.9761],[-47.9593,-23.9755],[-47.9639,-23.9748],[-47.9658,-23.9749],[-47.9687,-23.9752]]}},{"type":"Feature","properties":{"nome":"Rio Turvo","classe":"afluente","nome_ana":"Rio Turvo","dominio":"Federal","area_montante_km2":521.94},"geometry":{"type":"LineString","coordinates":[[-48.0947,-23.9164],[-48.0953,-23.9162],[-48.0954,-23.9161],[-48.0999,-23.9141],[-48.1077,-23.9134],[-48.1109,-23.9122],[-48.114,-23.9099],[-48.1188,-23.909],[-48.1237,-23.9118],[-48.1238,-23.9118]]}},{"type":"Feature","properties":{"nome":"Rio Turvo","classe":"afluente","nome_ana":"Rio Turvo","dominio":"Estadual","area_montante_km2":1040.2},"geometry":{"type":"LineString","coordinates":[[-49.4342,-22.684],[-49.4354,-22.6841],[-49.4387,-22.6843],[-49.443,-22.6818],[-49.446,-22.6809],[-49.4481,-22.6803],[-49.4487,-22.6802],[-49.4489,-22.6801]]}},{"type":"Feature","properties":{"nome":"Rio Turvo","classe":"afluente","nome_ana":"Rio Turvo","dominio":"Federal","area_montante_km2":279.204},"geometry":{"type":"LineString","coordinates":[[-48.006,-23.929],[-48.006,-23.929],[-48.006,-23.929],[-48.0127,-23.9268],[-48.0154,-23.9251],[-48.0211,-23.9255],[-48.0239,-23.9246],[-48.026,-23.9226],[-48.0271,-23.9203],[-48.028,-23.9152],[-48.0308,-23.9093],[-48.0341,-23.9091],[-48.0344,-23.909],[-48.0345,-23.909]]}},{"type":"Feature","properties":{"nome":"Rio Turvo","classe":"afluente","nome_ana":"Rio Turvo","dominio":"Estadual","area_montante_km2":3956.01},"geometry":{"type":"LineString","coordinates":[[-49.7377,-22.7713],[-49.7378,-22.7714],[-49.738,-22.7715],[-49.7413,-22.7744],[-49.7459,-22.7785],[-49.7464,-22.7822],[-49.7455,-22.7914],[-49.7518,-22.7974],[-49.7515,-22.8018],[-49.7583,-22.8038],[-49.7604,-22.8061],[-49.761,-22.8101],[-49.7597,-22.8157],[-49.7592,-22.8216],[-49.7627,-22.8273],[-49.7639,-22.8352],[-49.7712,-22.8404],[-49.7781,-22.8498],[-49.7776,-22.8521],[-49.772,-22.854],[-49.7727,-22.8571],[-49.7783,-22.8595],[-49.7784,-22.8624],[-49.7753,-22.8665],[-49.775,-22.8687],[-49.7776,-22.871],[-49.7791,-22.8768],[-49.7793,-22.8775]]}},{"type":"Feature","properties":{"nome":"Rio Turvo","classe":"afluente","nome_ana":"Rio Turvo","dominio":"Federal","area_montante_km2":719.775},"geometry":{"type":"LineString","coordinates":[[-48.1411,-23.8724],[-48.1426,-23.8728],[-48.1429,-23.8729],[-48.143,-23.873],[-48.1455,-23.8738],[-48.1527,-23.8782],[-48.1563,-23.8797],[-48.1613,-23.8789],[-48.1664,-23.8771],[-48.1712,-23.8765],[-48.1732,-23.8781],[-48.1736,-23.8809],[-48.1695,-23.8821],[-48.1696,-23.885],[-48.1754,-23.8861],[-48.1769,-23.8878],[-48.1784,-23.8926],[-48.1847,-23.8926],[-48.187,-23.8858],[-48.1903,-23.8844],[-48.1921,-23.8819],[-48.192,-23.8789],[-48.1903,-23.8755],[-48.1845,-23.8708],[-48.1836,-23.8681],[-48.1848,-23.8635],[-48.1872,-23.8589],[-48.1915,-23.8554],[-48.1932,-23.8517],[-48.1957,-23.8501],[-48.2048,-23.8476]]}},{"type":"Feature","properties":{"nome":"Rio Turvo","classe":"afluente","nome_ana":"Rio Turvo","dominio":"Estadual","area_montante_km2":455.819},"geometry":{"type":"LineString","coordinates":[[-49.2014,-22.5735],[-49.2029,-22.5757],[-49.2056,-22.5773],[-49.213,-22.5786],[-49.2267,-22.5827],[-49.2272,-22.5829],[-49.228,-22.5831]]}},{"type":"Feature","properties":{"nome":"Rio Turvo","classe":"afluente","nome_ana":"Rio Turvo","dominio":"Estadual","area_montante_km2":699.702},"geometry":{"type":"LineString","coordinates":[[-49.2995,-22.6203],[-49.2996,-22.6203],[-49.2998,-22.6204],[-49.3004,-22.6207],[-49.3043,-22.6222],[-49.3105,-22.6236],[-49.3126,-22.6263],[-49.3161,-22.627],[-49.3168,-22.6271],[-49.3175,-22.6273]]}},{"type":"Feature","properties":{"nome":"Rio Turvo","classe":"afluente","nome_ana":"Rio Turvo","dominio":"Estadual","area_montante_km2":767.295},"geometry":{"type":"LineString","coordinates":[[-49.3524,-22.64],[-49.3525,-22.64],[-49.3583,-22.6445],[-49.361,-22.6486],[-49.3642,-22.6503],[-49.3669,-22.6552],[-49.367,-22.6553],[-49.367,-22.6555],[-49.3671,-22.6556],[-49.3671,-22.6557]]}},{"type":"Feature","properties":{"nome":"Rio Turvo","classe":"afluente","nome_ana":"Rio Turvo","dominio":"Estadual","area_montante_km2":2755.33},"geometry":{"type":"LineString","coordinates":[[-49.5975,-22.7235],[-49.5986,-22.7237],[-49.5987,-22.7237],[-49.6029,-22.7242],[-49.606,-22.7232],[-49.6107,-22.72],[-49.6126,-22.7155],[-49.6166,-22.7147],[-49.6188,-22.7166],[-49.6224,-22.726],[-49.6276,-22.731],[-49.6319,-22.7375],[-49.632,-22.7377]]}},{"type":"Feature","properties":{"nome":"Rio Turvo","classe":"afluente","nome_ana":"Rio Turvo","dominio":"Federal","area_montante_km2":573.9},"geometry":{"type":"LineString","coordinates":[[-48.1238,-23.9118],[-48.125,-23.9121],[-48.1271,-23.9126],[-48.1318,-23.9118],[-48.1383,-23.9087],[-48.1387,-23.906],[-48.136,-23.9018],[-48.1325,-23.8973],[-48.1383,-23.8925],[-48.1375,-23.889],[-48.1378,-23.8864],[-48.1407,-23.8833],[-48.1406,-23.8801],[-48.1416,-23.8781],[-48.1413,-23.8741],[-48.1412,-23.8728],[-48.1411,-23.8724]]}},{"type":"Feature","properties":{"nome":"Rio Turvo","classe":"afluente","nome_ana":"Rio Turvo","dominio":"Estadual","area_montante_km2":2687.85},"geometry":{"type":"LineString","coordinates":[[-49.5906,-22.722],[-49.5912,-22.7221],[-49.5917,-22.7222],[-49.5957,-22.7231],[-49.5958,-22.7232],[-49.5975,-22.7235]]}},{"type":"Feature","properties":{"nome":"Rio Turvo","classe":"afluente","nome_ana":"Rio Turvo","dominio":"Federal","area_montante_km2":151.616},"geometry":{"type":"LineString","coordinates":[[-47.9687,-23.9752],[-47.9687,-23.9751],[-47.9732,-23.9739],[-47.9816,-23.9729],[-47.9906,-23.9712],[-47.9964,-23.9692],[-48.0024,-23.9668],[-48.0067,-23.9616],[-48.008,-23.9548],[-48.0076,-23.9471],[-48.0091,-23.9434],[-48.0094,-23.9385],[-48.0076,-23.9341],[-48.0069,-23.9319],[-48.006,-23.929],[-48.006,-23.929]]}},{"type":"Feature","properties":{"nome":"Rio Turvo","classe":"afluente","nome_ana":"Rio Turvo","dominio":"Estadual","area_montante_km2":31.9897},"geometry":{"type":"LineString","coordinates":[[-50.3399,-25.4435],[-50.3383,-25.4389],[-50.3301,-25.4312],[-50.3273,-25.4278],[-50.3227,-25.4162],[-50.3183,-25.409],[-50.3173,-25.4018],[-50.3121,-25.3888],[-50.3071,-25.3816],[-50.3031,-25.3786],[-50.2968,-25.3772],[-50.2876,-25.3781],[-50.2803,-25.3773],[-50.2799,-25.3772],[-50.2794,-25.3772]]}},{"type":"Feature","properties":{"nome":"Rio Turvo","classe":"afluente","nome_ana":"Rio Turvo","dominio":"Federal","area_montante_km2":794.057},"geometry":{"type":"LineString","coordinates":[[-48.2048,-23.8476],[-48.2051,-23.8475],[-48.2054,-23.8475],[-48.2057,-23.8474],[-48.2101,-23.8468],[-48.2139,-23.8489],[-48.2176,-23.8492],[-48.2277,-23.8461],[-48.2327,-23.8453],[-48.237,-23.8498],[-48.2401,-23.8519],[-48.2408,-23.8561],[-48.2425,-23.8578],[-48.2464,-23.8586],[-48.2495,-23.8582],[-48.253,-23.857],[-48.2532,-23.8569],[-48.2539,-23.8567]]}},{"type":"Feature","properties":{"nome":"Rio Turvo","classe":"afluente","nome_ana":"Rio Turvo","dominio":"Estadual","area_montante_km2":852.816},"geometry":{"type":"LineString","coordinates":[[-49.3671,-22.6557],[-49.3696,-22.6566],[-49.3779,-22.6585],[-49.3785,-22.6586]]}},{"type":"Feature","properties":{"nome":"Rio Turvo","classe":"afluente","nome_ana":"Rio Turvo","dominio":"Estadual","area_montante_km2":214.552},"geometry":{"type":"LineString","coordinates":[[-49.1214,-22.5827],[-49.1243,-22.5825],[-49.1317,-22.5842],[-49.1379,-22.5844],[-49.1429,-22.5836],[-49.1458,-22.5821],[-49.152,-22.5774],[-49.1586,-22.5769],[-49.1624,-22.5761],[-49.169,-22.5782],[-49.1756,-22.5772],[-49.1783,-22.5768]]}},{"type":"Feature","properties":{"nome":"Rio Turvo","classe":"afluente","nome_ana":"Rio Turvo","dominio":"Estadual","area_montante_km2":930.543},"geometry":{"type":"LineString","coordinates":[[-49.3785,-22.6586],[-49.3786,-22.6587],[-49.3787,-22.6587],[-49.3837,-22.6599],[-49.3863,-22.6621],[-49.3897,-22.6666],[-49.3943,-22.6692],[-49.3988,-22.6688],[-49.402,-22.6713],[-49.402,-22.6743],[-49.4032,-22.6771],[-49.4054,-22.6788],[-49.411,-22.6812],[-49.4126,-22.6819]]}},{"type":"Feature","properties":{"nome":"Rio Verde","classe":"afluente","nome_ana":"Rio Verde","dominio":"Estadual","area_montante_km2":137.56},"geometry":{"type":"LineString","coordinates":[[-49.2369,-24.1582],[-49.2458,-24.15],[-49.2485,-24.1467],[-49.2517,-24.1411],[-49.2515,-24.1359],[-49.2503,-24.1341],[-49.2464,-24.1314],[-49.2375,-24.127],[-49.2262,-24.1155],[-49.2185,-24.1092],[-49.2051,-24.1023],[-49.2046,-24.1021]]}},{"type":"Feature","properties":{"nome":"Rio Verde","classe":"afluente","nome_ana":"Rio Verde","dominio":"Estadual","area_montante_km2":822.115},"geometry":{"type":"LineString","coordinates":[[-49.2765,-23.8838],[-49.2764,-23.8832],[-49.2752,-23.8781],[-49.2726,-23.8778],[-49.2666,-23.8779],[-49.2655,-23.8755],[-49.2678,-23.8738],[-49.2707,-23.8734],[-49.2736,-23.8704],[-49.2674,-23.8663],[-49.2682,-23.8635],[-49.2737,-23.8608],[-49.2753,-23.8581],[-49.2827,-23.8543],[-49.2816,-23.8511],[-49.2788,-23.8502],[-49.2748,-23.8503],[-49.2749,-23.848],[-49.2795,-23.8465],[-49.2895,-23.8451],[-49.2946,-23.8432],[-49.2965,-23.8409],[-49.292,-23.8352],[-49.295,-23.8307],[-49.2933,-23.8289],[-49.2887,-23.8274],[-49.2876,-23.8259],[-49.2873,-23.8255]]}},{"type":"Feature","properties":{"nome":"Rio Verde","classe":"afluente","nome_ana":"Rio Verde","dominio":"Estadual","area_montante_km2":87.988},"geometry":{"type":"LineString","coordinates":[[-49.9829,-25.1132],[-49.9854,-25.1179],[-49.9841,-25.1249],[-49.984,-25.1283],[-49.9891,-25.1293],[-49.9931,-25.1266],[-49.9963,-25.1223],[-49.9968,-25.1202],[-50.0065,-25.1122],[-50.0097,-25.1103],[-50.0176,-25.1081],[-50.0255,-25.104],[-50.0373,-25.0946],[-50.0421,-25.0918],[-50.0492,-25.089],[-50.0532,-25.0866],[-50.0611,-25.0787],[-50.0646,-25.0792],[-50.0734,-25.0843],[-50.0771,-25.0833],[-50.0793,-25.0817],[-50.0933,-25.085],[-50.0982,-25.0839],[-50.1049,-25.0764],[-50.1104,-25.0658],[-50.1187,-25.0571],[-50.1203,-25.0543],[-50.1232,-25.0457],[-50.1264,-25.0395],[-50.1268,-25.0387],[-50.1269,-25.0385],[-50.1275,-25.0374]]}},{"type":"Feature","properties":{"nome":"Rio Verde","classe":"afluente","nome_ana":"Rio Verde","dominio":"Estadual","area_montante_km2":596.863},"geometry":{"type":"LineString","coordinates":[[-49.2198,-23.9773],[-49.2225,-23.9755],[-49.2227,-23.9732],[-49.2172,-23.9701],[-49.2152,-23.9677],[-49.2156,-23.9654],[-49.2181,-23.9617],[-49.2239,-23.961],[-49.2266,-23.9593],[-49.2281,-23.9553],[-49.2283,-23.952],[-49.2324,-23.945],[-49.2372,-23.9393],[-49.2375,-23.937],[-49.2364,-23.9323],[-49.2376,-23.9295],[-49.2395,-23.9273],[-49.2393,-23.9186],[-49.2421,-23.9124],[-49.2474,-23.9132],[-49.2512,-23.9116],[-49.2529,-23.9078],[-49.2508,-23.9047],[-49.2513,-23.9006],[-49.2563,-23.898],[-49.2608,-23.8939],[-49.2664,-23.8953],[-49.2692,-23.8949],[-49.2717,-23.8933],[-49.2702,-23.8871],[-49.2721,-23.8853],[-49.2752,-23.8842],[-49.2755,-23.8841],[-49.2765,-23.8838]]}},{"type":"Feature","properties":{"nome":"Rio Turvo","classe":"afluente","nome_ana":"Rio Turvo","dominio":"Federal","area_montante_km2":424.334},"geometry":{"type":"LineString","coordinates":[[-48.0345,-23.909],[-48.0378,-23.9116],[-48.0396,-23.9161],[-48.042,-23.918],[-48.0474,-23.9178],[-48.0512,-23.9135],[-48.0539,-23.9124],[-48.0576,-23.9152],[-48.0573,-23.9216],[-48.0636,-23.9221],[-48.0682,-23.9173],[-48.0738,-23.9186],[-48.0785,-23.9188],[-48.0817,-23.9161],[-48.0864,-23.9169],[-48.0878,-23.9132],[-48.0906,-23.9137],[-48.0933,-23.9155],[-48.0943,-23.9162],[-48.0947,-23.9164]]}},{"type":"Feature","properties":{"nome":"Rio Turvo","classe":"afluente","nome_ana":"Rio Turvo","dominio":"Estadual","area_montante_km2":110.097},"geometry":{"type":"LineString","coordinates":[[-49.0744,-22.5833],[-49.0745,-22.5833],[-49.0908,-22.5816],[-49.1009,-22.5839],[-49.1014,-22.584],[-49.1034,-22.5844],[-49.1038,-22.5845]]}},{"type":"Feature","properties":{"nome":"Rio Turvo","classe":"afluente","nome_ana":"Rio Turvo","dominio":"Estadual","area_montante_km2":1026.9},"geometry":{"type":"LineString","coordinates":[[-49.4126,-22.6819],[-49.4128,-22.682],[-49.4129,-22.6821],[-49.4183,-22.6867],[-49.4219,-22.6869],[-49.4255,-22.6839],[-49.4292,-22.6828],[-49.4299,-22.6829],[-49.4342,-22.684]]}},{"type":"Feature","properties":{"nome":"Rio Turvo","classe":"afluente","nome_ana":"Rio Turvo","dominio":"Estadual","area_montante_km2":145.445},"geometry":{"type":"LineString","coordinates":[[-49.1038,-22.5845],[-49.1079,-22.585],[-49.1098,-22.5852],[-49.1109,-22.5853]]}},{"type":"Feature","properties":{"nome":"Rio Turvo","classe":"afluente","nome_ana":"Rio Turvo","dominio":"Estadual","area_montante_km2":1390.78},"geometry":{"type":"LineString","coordinates":[[-49.5045,-22.697],[-49.5072,-22.6992],[-49.5134,-22.6997],[-49.516,-22.7023],[-49.5338,-22.7096],[-49.5384,-22.7106],[-49.5462,-22.7146],[-49.5494,-22.7122],[-49.549,-22.7085],[-49.5551,-22.7085],[-49.5591,-22.7135],[-49.5614,-22.7149],[-49.566,-22.7163],[-49.5786,-22.7178],[-49.5795,-22.7203],[-49.5815,-22.722],[-49.5906,-22.722]]}},{"type":"Feature","properties":{"nome":"Rio Turvo","classe":"afluente","nome_ana":"Rio Turvo","dominio":"Estadual","area_montante_km2":473.134},"geometry":{"type":"LineString","coordinates":[[-49.228,-22.5831],[-49.244,-22.5831],[-49.2442,-22.5832],[-49.2447,-22.5834],[-49.2462,-22.584],[-49.2472,-22.5845]]}},{"type":"Feature","properties":{"nome":"Rio Turvo","classe":"afluente","nome_ana":"Rio Turvo","dominio":"Estadual","area_montante_km2":1187.77},"geometry":{"type":"LineString","coordinates":[[-49.4691,-22.6803],[-49.4691,-22.6803],[-49.4699,-22.6815],[-49.4719,-22.6843],[-49.477,-22.6864],[-49.4814,-22.6897],[-49.4887,-22.6908],[-49.4932,-22.6944],[-49.4976,-22.6959],[-49.502,-22.6966],[-49.5038,-22.6969],[-49.5045,-22.697]]}},{"type":"Feature","properties":{"nome":"Rio Turvo","classe":"afluente","nome_ana":"Rio Turvo","dominio":"Estadual","area_montante_km2":4040},"geometry":{"type":"LineString","coordinates":[[-49.7793,-22.8775],[-49.7804,-22.8776],[-49.7832,-22.8777],[-49.7878,-22.8744],[-49.7904,-22.8754],[-49.797,-22.8849],[-49.8038,-22.8905],[-49.8083,-22.8965],[-49.8136,-22.8966],[-49.8165,-22.8916],[-49.8208,-22.8873],[-49.8253,-22.885],[-49.8279,-22.8857],[-49.8301,-22.8886],[-49.8288,-22.8934],[-49.8288,-22.8958],[-49.8302,-22.8981],[-49.8354,-22.8992],[-49.8387,-22.903],[-49.84,-22.9073],[-49.8438,-22.9085],[-49.8461,-22.9062],[-49.8462,-22.9061],[-49.8486,-22.9049],[-49.8489,-22.9048]]}},{"type":"Feature","properties":{"nome":"Rio Turvo","classe":"afluente","nome_ana":"Rio Turvo","dominio":"Estadual","area_montante_km2":2798.82},"geometry":{"type":"LineString","coordinates":[[-49.632,-22.7377],[-49.6321,-22.739],[-49.6322,-22.7423],[-49.6343,-22.7449],[-49.638,-22.747],[-49.6388,-22.7509],[-49.6383,-22.7547],[-49.6406,-22.7562],[-49.6426,-22.7585],[-49.6471,-22.759],[-49.6476,-22.7635],[-49.6507,-22.7645],[-49.6581,-22.7605],[-49.6612,-22.7598],[-49.6656,-22.7648],[-49.6661,-22.7655],[-49.6664,-22.7658]]}},{"type":"Feature","properties":{"nome":"Rio Turvo","classe":"afluente","nome_ana":"Rio Turvo","dominio":"Estadual","area_montante_km2":4223.45},"geometry":{"type":"LineString","coordinates":[[-49.8489,-22.9048],[-49.8515,-22.9071],[-49.8504,-22.9133],[-49.8532,-22.9149],[-49.8613,-22.9092],[-49.8654,-22.908],[-49.8684,-22.9099],[-49.8703,-22.9174],[-49.878,-22.9224],[-49.8813,-22.9332],[-49.8841,-22.9367],[-49.8865,-22.9373],[-49.8867,-22.9374]]}},{"type":"Feature","properties":{"nome":"Rio Turvo","classe":"afluente","nome_ana":"Rio Turvo","dominio":"Estadual","area_montante_km2":740.658},"geometry":{"type":"LineString","coordinates":[[-49.3175,-22.6273],[-49.3239,-22.6305],[-49.327,-22.6304],[-49.3302,-22.632],[-49.3333,-22.6323],[-49.3402,-22.6299],[-49.3435,-22.6333],[-49.35,-22.6355],[-49.3521,-22.6393],[-49.3524,-22.64]]}},{"type":"Feature","properties":{"nome":"Rio Turvo","classe":"afluente","nome_ana":"Rio Turvo","dominio":"Estadual","area_montante_km2":2914.97},"geometry":{"type":"LineString","coordinates":[[-49.7218,-22.7905],[-49.722,-22.7905],[-49.7246,-22.7907],[-49.7298,-22.7893],[-49.7327,-22.7866],[-49.7327,-22.7823],[-49.7315,-22.7787],[-49.7315,-22.7764],[-49.7375,-22.7714],[-49.7377,-22.7713]]}},{"type":"Feature","properties":{"nome":"Rio Turvo","classe":"afluente","nome_ana":"Rio Turvo","dominio":"Estadual","area_montante_km2":172.421},"geometry":{"type":"LineString","coordinates":[[-49.1109,-22.5853],[-49.1112,-22.5852],[-49.1186,-22.5828],[-49.1212,-22.5827],[-49.1212,-22.5827],[-49.1214,-22.5827]]}},{"type":"Feature","properties":{"nome":"Rio Turvo","classe":"afluente","nome_ana":"Rio Turvo","dominio":"Estadual","area_montante_km2":230.858},"geometry":{"type":"LineString","coordinates":[[-49.1783,-22.5768],[-49.1784,-22.5769],[-49.1832,-22.5788],[-49.1848,-22.5795],[-49.1851,-22.5796]]}},{"type":"Feature","properties":{"nome":"Rio Turvo","classe":"afluente","nome_ana":"Rio Turvo","dominio":"Estadual","area_montante_km2":27.8481},"geometry":{"type":"LineString","coordinates":[[-49.0576,-22.5042],[-49.0551,-22.5066],[-49.0499,-22.5146],[-49.0494,-22.5169],[-49.0501,-22.5215],[-49.0525,-22.5246],[-49.0534,-22.5273],[-49.0529,-22.5309],[-49.0496,-22.534],[-49.0493,-22.5368],[-49.0509,-22.5494],[-49.053,-22.5575],[-49.0521,-22.5646],[-49.0534,-22.5683],[-49.0539,-22.5696]]}},{"type":"Feature","properties":{"nome":"Rio Turvo","classe":"afluente","nome_ana":"Rio Turvo","dominio":"Estadual","area_montante_km2":589.491},"geometry":{"type":"LineString","coordinates":[[-49.2814,-22.5952],[-49.2868,-22.6027],[-49.2886,-22.6085],[-49.2985,-22.6192],[-49.2995,-22.6203]]}},{"type":"Feature","properties":{"nome":"Rio Pardo","classe":"afluente","nome_ana":"Rio Pardo","dominio":"Estadual","area_montante_km2":3519.55},"geometry":{"type":"LineString","coordinates":[[-49.3022,-22.8835],[-49.3027,-22.8836],[-49.3101,-22.8853],[-49.3127,-22.8854],[-49.3146,-22.8854],[-49.3146,-22.8854]]}},{"type":"Feature","properties":{"nome":"Rio Pardo","classe":"afluente","nome_ana":"Rio Pardo","dominio":"Estadual","area_montante_km2":4454.53},"geometry":{"type":"LineString","coordinates":[[-49.6357,-22.9572],[-49.6361,-22.9575],[-49.64,-22.9596],[-49.6434,-22.9606],[-49.6468,-22.964],[-49.6491,-22.9682],[-49.6528,-22.9696],[-49.6547,-22.9681],[-49.6573,-22.9615],[-49.6598,-22.9589],[-49.6634,-22.9683],[-49.6675,-22.9687],[-49.6695,-22.9659],[-49.6717,-22.9591],[-49.6771,-22.9557],[-49.6824,-22.9537],[-49.6841,-22.9531]]}}]}